u,v,cn,rai,jc,aai,pa,ccn,cra,wic,label,pos_split,sim_atc,sim_mesh,sim_ade,sim_chemical
DB00001,DB00003,0,0.0,0.0,0.0,24,0,0.0,0.0,1,test,0.0,0.0,0.0,0.19354838
DB00001,DB00009,0,0.0,0.0,0.0,30,0,0.0,0.0,1,train,0.0,0.2580426,0.0,1.0
DB00001,DB00011,1,0.2,0.125,0.6213349345596119,18,2,0.2,1000.0,1,train,0.0,0.5296962,0.27168456,0.19354838
DB00001,DB00014,0,0.0,0.0,0.0,18,0,0.0,0.0,1,train,0.0,0.0,0.0,0.09090909
DB00001,DB00021,0,0.0,0.0,0.0,30,0,0.0,0.0,1,test,0.39532402,0.0,0.0,0.21212122
DB00001,DB00025,1,0.3333333333333333,0.1,0.9102392266268372,30,2,0.3333333333333333,1000.0,1,train,0.19728132,0.0,0.0,1.0
DB00001,DB00028,0,0.0,0.0,0.0,18,0,0.0,0.0,1,train,0.0,0.0,0.44082463,0.4347826
DB00001,DB00029,0,0.0,0.0,0.0,24,0,0.0,0.0,1,train,0.0,0.16993551,0.0,0.21212122
DB00001,DB00002,0,0.0,0.0,0.0,24,0,0.0,0.0,0,,0.19808641,0.0,0.0,0.44
DB00001,DB00005,1,0.2,0.0833333333333333,0.6213349345596119,42,1,0.0,0.0,0,,0.0,0.0,0.0,0.21212122
DB00001,DB00008,0,0.0,0.0,0.0,18,0,0.0,0.0,0,,0.25521275,0.0,0.0,0.17948718
DB00001,DB00010,1,0.25,0.1111111111111111,0.7213475204444817,24,1,0.0,0.0,0,,0.0,0.0,0.0,0.44
DB00001,DB00020,1,0.3333333333333333,0.0833333333333333,0.9102392266268372,42,1,0.0,0.0,0,,0.39532402,0.2550648,0.0,0.4347826
DB00001,DB00022,0,0.0,0.0,0.0,12,0,0.0,0.0,0,,0.4619283,0.08895225,0.0,0.09090909
DB00001,DB00031,2,0.45,0.2222222222222222,1.3426824550040934,30,2,0.0,0.0,0,,0.0,0.0,0.0,0.16666667
DB00001,DB00015,0,0.0,0.0,0.0,30,0,0.0,0.0,0,,0.26504955,0.0,0.0,0.16666667
DB00001,DB00016,2,0.5333333333333333,0.1666666666666666,1.531574161186449,48,2,0.0,0.0,0,,0.0,0.0,0.0,0.17948718
DB00001,DB00017,0,0.0,0.0,0.0,18,0,0.0,0.0,0,,0.8869173,0.11345316,0.0,1.0
DB00001,DB00027,0,0.0,0.0,0.0,12,0,0.0,0.0,0,,0.0,0.0,0.27546412,0.19354838
DB00001,DB00033,0,0.0,0.0,0.0,24,0,0.0,0.0,0,,0.0,0.0,0.0,1.0
DB00001,DB00040,0,0.0,0.0,0.0,36,0,0.0,0.0,0,,0.22516853,0.0,0.0,0.17948718
DB00001,DB00004,1,0.2,0.0909090909090909,0.6213349345596119,36,1,0.0,0.0,0,,0.4619283,0.0,0.0,0.4347826
DB00001,DB00030,1,0.2,0.0909090909090909,0.6213349345596119,36,1,0.0,0.0,0,,0.0,0.0,0.0,0.09090909
DB00001,DB00032,1,0.25,0.1111111111111111,0.7213475204444817,24,1,0.0,0.0,0,,0.0,0.15238883,0.0,0.17948718
DB00001,DB00039,0,0.0,0.0,0.0,30,0,0.0,0.0,0,,0.0,0.10827557,0.25334322,0.16666667
DB00001,DB00006,0,0.0,0.0,0.0,12,0,0.0,0.0,0,,0.0,0.0,0.0,0.09090909
DB00001,DB00019,0,0.0,0.0,0.0,30,0,0.0,0.0,0,,0.2386907,0.0,0.0,0.19354838
DB00001,DB00007,0,0.0,0.0,0.0,18,0,0.0,0.0,0,,0.0,0.0,0.0,0.16666667
DB00001,DB00013,1,0.2,0.1,0.6213349345596119,30,1,0.0,0.0,0,,0.0,0.0,0.5,0.21212122
DB00001,DB00024,0,0.0,0.0,0.0,18,0,0.0,0.0,0,,0.21493767,0.0,0.0,0.17948718
DB00001,DB00026,0,0.0,0.0,0.0,24,0,0.0,0.0,0,,0.0,0.0,0.0,0.44
DB00001,DB00023,0,0.0,0.0,0.0,24,0,0.0,0.0,0,,0.0,0.0,0.0,0.16666667
DB00001,DB00038,0,0.0,0.0,0.0,6,0,0.0,0.0,0,,0.0,0.12618466,0.0,0.09090909
DB00001,DB00035,0,0.0,0.0,0.0,24,0,0.0,0.0,0,,0.0,0.0,0.0,0.19354838
DB00001,DB00012,2,0.5333333333333333,0.2857142857142857,1.531574161186449,18,4,0.5333333333333333,2000.0,0,,0.0,0.0,0.48269397,0.4347826
DB00001,DB00018,1,0.3333333333333333,0.0769230769230769,0.9102392266268372,48,1,0.0,0.0,0,,0.25704303,0.391936,0.0,0.44
DB00001,DB00034,0,0.0,0.0,0.0,36,0,0.0,0.0,0,,0.39532402,0.0,0.0,0.44
DB00001,DB00036,1,0.3333333333333333,0.1428571428571428,0.9102392266268372,12,1,0.0,0.0,0,,0.0,0.2661807,0.0,0.4347826
DB00001,DB00037,0,0.0,0.0,0.0,18,0,0.0,0.0,0,,0.0,0.0,0.0,0.21212122
DB00003,DB00009,1,0.125,0.125,0.4808983469629878,20,1,0.0,0.0,0,,0.0,0.3099773,0.15634346,0.19354838
DB00003,DB00011,0,0.0,0.0,0.0,12,0,0.0,0.0,0,,0.0,0.0,0.24610294,1.0
DB00003,DB00014,1,0.125,0.1666666666666666,0.4808983469629878,12,1,0.0,0.0,0,,0.0,0.23279268,0.11702225,0.102564104
DB00003,DB00021,2,0.3666666666666667,0.2857142857142857,1.179445561110859,20,2,0.0,0.0,1,test,0.0,0.0,0.18475592,0.11904762
DB00003,DB00025,0,0.0,0.0,0.0,20,0,0.0,0.0,0,,0.0,0.27188736,0.0,0.19354838
DB00003,DB00028,0,0.0,0.0,0.0,12,0,0.0,0.0,0,,0.5033927,0.0,0.0,0.14285715
DB00003,DB00029,0,0.0,0.0,0.0,16,0,0.0,0.0,0,,0.0,0.0,0.17992179,0.11904762
DB00003,DB00002,0,0.0,0.0,0.0,16,0,0.0,0.0,0,,0.0,0.0,0.18943916,0.13157895
DB00003,DB00005,1,0.125,0.1,0.4808983469629878,28,1,0.0,0.0,0,,0.0,0.0,0.0,0.11904762
DB00003,DB00008,0,0.0,0.0,0.0,12,0,0.0,0.0,0,,0.0,0.0,0.0,0.20454545
DB00003,DB00010,0,0.0,0.0,0.0,16,0,0.0,0.0,0,,0.0,0.0,0.0,0.13157895
DB00003,DB00020,1,0.1666666666666666,0.1,0.5581106265512472,28,1,0.0,0.0,0,,0.0,0.0,0.23562503,0.14285715
DB00003,DB00022,0,0.0,0.0,0.0,8,0,0.0,0.0,0,,0.0,0.0,0.0,0.102564104
DB00003,DB00031,0,0.0,0.0,0.0,20,0,0.0,0.0,0,,0.0,0.0,0.0,0.08888889
DB00003,DB00015,0,0.0,0.0,0.0,20,0,0.0,0.0,1,train,0.6245361,0.0,0.0,0.08888889
DB00003,DB00016,0,0.0,0.0,0.0,32,0,0.0,0.0,1,train,0.0,0.0,0.0,0.20454545
DB00003,DB00017,0,0.0,0.0,0.0,12,0,0.0,0.0,1,test,0.0,0.0,0.0,0.19354838
DB00003,DB00027,0,0.0,0.0,0.0,8,0,0.0,0.0,1,test,0.0,0.0,0.0,1.0
DB00003,DB00033,0,0.0,0.0,0.0,16,0,0.0,0.0,1,train,0.0,0.0,0.0,0.19354838
DB00003,DB00040,0,0.0,0.0,0.0,24,0,0.0,0.0,1,train,0.0,0.31196213,0.16781344,0.20454545
DB00003,DB00004,1,0.2,0.1111111111111111,0.6213349345596119,24,1,0.0,0.0,0,,0.0,0.0,0.0,0.14285715
DB00003,DB00030,1,0.2,0.1111111111111111,0.6213349345596119,24,1,0.0,0.0,0,,0.5588908,0.23853241,0.0,0.102564104
DB00003,DB00032,0,0.0,0.0,0.0,16,0,0.0,0.0,0,,0.0,0.0,0.23704652,0.20454545
DB00003,DB00039,1,0.1666666666666666,0.125,0.5581106265512472,20,2,0.1666666666666666,1000.0,0,,0.0,0.0,0.17157117,0.08888889
DB00003,DB00006,1,0.1666666666666666,0.2,0.5581106265512472,8,2,0.1666666666666666,1000.0,0,,0.0,0.25174382,0.0,0.102564104
DB00003,DB00019,0,0.0,0.0,0.0,20,0,0.0,0.0,0,,0.0,0.26425517,0.20439385,1.0
DB00003,DB00007,0,0.0,0.0,0.0,12,0,0.0,0.0,0,,0.0,0.0,0.0,0.08888889
DB00003,DB00013,0,0.0,0.0,0.0,20,0,0.0,0.0,0,,0.0,0.0,0.0,0.11904762
DB00003,DB00024,1,0.1666666666666666,0.1666666666666666,0.5581106265512472,12,2,0.1666666666666666,1000.0,0,,0.0,0.0,0.25483638,0.20454545
DB00003,DB00026,2,0.45,0.3333333333333333,1.3426824550040934,16,2,0.0,0.0,0,,0.0,0.0,0.15462334,0.13157895
DB00003,DB00023,1,0.25,0.1428571428571428,0.7213475204444817,16,2,0.25,1000.0,0,,0.0,0.23200075,0.0,0.08888889
DB00003,DB00038,1,0.125,0.25,0.4808983469629878,4,1,0.0,0.0,0,,0.0,0.0,0.0,0.102564104
DB00003,DB00035,0,0.0,0.0,0.0,16,0,0.0,0.0,0,,0.5850898,0.0,0.1324748,1.0
DB00003,DB00012,1,0.25,0.1666666666666666,0.7213475204444817,12,1,0.0,0.0,0,,0.0,0.0,0.0,0.14285715
DB00003,DB00018,1,0.125,0.0909090909090909,0.4808983469629878,32,1,0.0,0.0,0,,0.0,0.0,0.0,0.13157895
DB00003,DB00034,1,0.125,0.1111111111111111,0.4808983469629878,24,1,0.0,0.0,0,,0.0,0.0,0.0,0.13157895
DB00003,DB00036,1,0.125,0.2,0.4808983469629878,8,1,0.0,0.0,0,,0.0,0.0,0.09570751,0.14285715
DB00003,DB00037,0,0.0,0.0,0.0,12,0,0.0,0.0,0,,1.0,0.0,0.0,0.11904762
DB00009,DB00011,1,0.1666666666666666,0.1428571428571428,0.5581106265512472,15,1,0.0,0.0,0,,0.6339077,0.16626182,0.0,0.19354838
DB00009,DB00014,2,0.2916666666666666,0.3333333333333333,1.039008973514235,15,2,0.0,0.0,0,,0.0,0.0,0.0,0.09090909
DB00009,DB00021,1,0.1666666666666666,0.1111111111111111,0.5581106265512472,25,1,0.0,0.0,0,,0.0,0.0,0.0,0.21212122
DB00009,DB00025,1,0.1666666666666666,0.1111111111111111,0.5581106265512472,25,1,0.0,0.0,0,,0.0,0.12461125,0.0,1.0
DB00009,DB00028,1,0.1666666666666666,0.1428571428571428,0.5581106265512472,15,1,0.0,0.0,0,,0.6109811,0.0,0.0,0.4347826
DB00009,DB00029,2,0.3666666666666667,0.2857142857142857,1.179445561110859,20,2,0.0,0.0,0,,0.0,0.0,0.19033523,0.21212122
DB00009,DB00002,1,0.2,0.125,0.6213349345596119,20,1,0.0,0.0,0,,0.0,0.0,0.25360796,0.44
DB00009,DB00005,1,0.125,0.0909090909090909,0.4808983469629878,35,1,0.0,0.0,0,,0.0,0.0,0.0,0.21212122
DB00009,DB00008,0,0.0,0.0,0.0,15,0,0.0,0.0,1,test,0.0,0.2940799,0.0,0.17948718
DB00009,DB00010,0,0.0,0.0,0.0,20,0,0.0,0.0,0,,0.0,0.0,0.0,0.44
DB00009,DB00020,0,0.0,0.0,0.0,35,0,0.0,0.0,0,,0.0,0.35604912,0.43927133,0.4347826
DB00009,DB00022,0,0.0,0.0,0.0,10,0,0.0,0.0,0,,0.0,0.0,0.0,0.09090909
DB00009,DB00031,0,0.0,0.0,0.0,25,0,0.0,0.0,1,train,0.65878916,0.0,0.0,0.16666667
DB00009,DB00015,1,0.1666666666666666,0.1111111111111111,0.5581106265512472,25,1,0.0,0.0,0,,0.0,0.23632018,0.0,0.16666667
DB00009,DB00016,0,0.0,0.0,0.0,40,0,0.0,0.0,1,train,0.0,0.0,0.0,0.17948718
DB00009,DB00017,1,0.2,0.1428571428571428,0.6213349345596119,15,1,0.0,0.0,0,,0.0,0.0,0.0,1.0
DB00009,DB00027,1,0.2,0.1666666666666666,0.6213349345596119,10,2,0.2,1000.0,0,,0.0,0.0,0.41069534,0.19354838
DB00009,DB00033,0,0.0,0.0,0.0,20,0,0.0,0.0,0,,0.0,0.20222324,0.0,1.0
DB00009,DB00040,0,0.0,0.0,0.0,30,0,0.0,0.0,0,,0.0,0.24952956,0.22465697,0.17948718
DB00009,DB00004,1,0.1666666666666666,0.1,0.5581106265512472,30,1,0.0,0.0,0,,0.0,0.18684696,0.0,0.4347826
DB00009,DB00030,0,0.0,0.0,0.0,30,0,0.0,0.0,1,train,0.0,0.0,0.0,0.09090909
DB00009,DB00032,0,0.0,0.0,0.0,20,0,0.0,0.0,0,,0.0,0.0,0.0,0.17948718
DB00009,DB00039,1,0.2,0.1111111111111111,0.6213349345596119,25,1,0.0,0.0,1,test,0.0,0.0,0.0,0.16666667
DB00009,DB00006,0,0.0,0.0,0.0,10,0,0.0,0.0,0,,0.0,0.0,0.23143084,0.09090909
DB00009,DB00019,0,0.0,0.0,0.0,25,0,0.0,0.0,0,,0.0,0.0,0.0,0.19354838
DB00009,DB00007,1,0.2,0.1428571428571428,0.6213349345596119,15,2,0.2,1000.0,0,,0.0,0.26974526,0.0,0.16666667
DB00009,DB00013,0,0.0,0.0,0.0,25,0,0.0,0.0,1,train,0.0,0.099562205,0.0,0.21212122
DB00009,DB00024,0,0.0,0.0,0.0,15,0,0.0,0.0,1,test,0.0,0.0,0.0,0.17948718
DB00009,DB00026,0,0.0,0.0,0.0,20,0,0.0,0.0,0,,0.0,0.0,0.0,0.44
DB00009,DB00023,1,0.1666666666666666,0.125,0.5581106265512472,20,1,0.0,0.0,1,test,0.0,0.0,0.0,0.16666667
DB00009,DB00038,1,0.125,0.2,0.4808983469629878,5,1,0.0,0.0,0,,0.0,0.0,0.2864015,0.09090909
DB00009,DB00035,0,0.0,0.0,0.0,20,0,0.0,0.0,0,,0.0,0.17039777,0.47433102,0.19354838
DB00009,DB00012,0,0.0,0.0,0.0,15,0,0.0,0.0,0,,0.0,0.0,0.0,0.4347826
DB00009,DB00018,3,0.525,0.3,1.7235682160822114,40,3,0.0,0.0,0,,0.0,0.0,0.0,0.44
DB00009,DB00034,2,0.2916666666666666,0.2222222222222222,1.039008973514235,30,2,0.0,0.0,0,,0.0,0.22248417,0.0,0.44
DB00009,DB00036,1,0.125,0.1666666666666666,0.4808983469629878,10,1,0.0,0.0,0,,0.0,0.1158045,0.0,0.4347826
DB00009,DB00037,0,0.0,0.0,0.0,15,0,0.0,0.0,0,,0.0,0.0,0.16295552,0.21212122
DB00011,DB00014,1,0.1666666666666666,0.2,0.5581106265512472,9,2,0.1666666666666666,1000.0,0,,0.0,0.0,0.10029425,0.102564104
DB00011,DB00021,0,0.0,0.0,0.0,15,0,0.0,0.0,0,,0.0,0.0,0.0,0.11904762
DB00011,DB00025,1,0.1666666666666666,0.1428571428571428,0.5581106265512472,15,2,0.1666666666666666,1000.0,1,train,0.0,0.18454804,0.4223209,0.19354838
DB00011,DB00028,1,0.1666666666666666,0.2,0.5581106265512472,9,1,0.0,0.0,0,,0.38730562,0.0,0.0,0.14285715
DB00011,DB00029,1,0.1666666666666666,0.1666666666666666,0.5581106265512472,12,1,0.0,0.0,0,,0.0,0.24182147,0.0,0.11904762
DB00011,DB00002,0,0.0,0.0,0.0,12,0,0.0,0.0,0,,0.0,0.0,0.0,0.13157895
DB00011,DB00005,1,0.2,0.1111111111111111,0.6213349345596119,21,1,0.0,0.0,0,,0.28663954,0.0,0.0,0.11904762
DB00011,DB00008,1,0.1428571428571428,0.2,0.5138983423697507,9,1,0.0,0.0,0,,0.22604601,0.0,0.0,0.20454545
DB00011,DB00010,0,0.0,0.0,0.0,12,0,0.0,0.0,0,,0.3005888,0.0,0.15767257,0.13157895
DB00011,DB00020,0,0.0,0.0,0.0,21,0,0.0,0.0,1,train,0.0,0.16434315,0.0,0.14285715
DB00011,DB00022,0,0.0,0.0,0.0,6,0,0.0,0.0,1,test,0.0,0.12658076,0.17553546,0.102564104
DB00011,DB00031,0,0.0,0.0,0.0,15,0,0.0,0.0,0,,0.62163943,0.0,0.0,0.08888889
DB00011,DB00015,0,0.0,0.0,0.0,15,0,0.0,0.0,0,,0.23475862,0.0,0.0,0.08888889
DB00011,DB00016,0,0.0,0.0,0.0,24,0,0.0,0.0,0,,0.0,0.0,0.0,0.20454545
DB00011,DB00017,1,0.1428571428571428,0.2,0.5138983423697507,9,1,0.0,0.0,0,,0.0,0.161446,0.0,0.19354838
DB00011,DB00027,0,0.0,0.0,0.0,6,0,0.0,0.0,0,,0.3005888,0.0,0.14967869,1.0
DB00011,DB00033,0,0.0,0.0,0.0,12,0,0.0,0.0,0,,0.0,0.29949063,0.15030377,0.19354838
DB00011,DB00040,1,0.1428571428571428,0.125,0.5138983423697507,18,1,0.0,0.0,0,,0.0,0.0,0.0,0.20454545
DB00011,DB00004,1,0.2,0.125,0.6213349345596119,18,1,0.0,0.0,0,,0.0,0.0,0.0,0.14285715
DB00011,DB00030,0,0.0,0.0,0.0,18,0,0.0,0.0,0,,0.0,0.0,0.39741415,0.102564104
DB00011,DB00032,0,0.0,0.0,0.0,12,0,0.0,0.0,0,,0.47045636,0.2168522,0.0,0.20454545
DB00011,DB00039,0,0.0,0.0,0.0,15,0,0.0,0.0,0,,0.0,0.1540782,0.13765888,0.08888889
DB00011,DB00006,0,0.0,0.0,0.0,6,0,0.0,0.0,0,,0.0,0.0,0.0,0.102564104
DB00011,DB00019,1,0.1428571428571428,0.1428571428571428,0.5138983423697507,15,1,0.0,0.0,0,,0.0,0.0,0.0,1.0
DB00011,DB00007,0,0.0,0.0,0.0,9,0,0.0,0.0,0,,0.0,0.0,0.0,0.08888889
DB00011,DB00013,0,0.0,0.0,0.0,15,0,0.0,0.0,0,,0.0,0.14745064,0.0,0.11904762
DB00011,DB00024,0,0.0,0.0,0.0,9,0,0.0,0.0,0,,0.0,0.0,0.11715733,0.20454545
DB00011,DB00026,0,0.0,0.0,0.0,12,0,0.0,0.0,0,,0.6339077,0.0,0.18862383,0.13157895
DB00011,DB00023,0,0.0,0.0,0.0,12,0,0.0,0.0,0,,0.0,0.0,0.27168456,0.08888889
DB00011,DB00038,0,0.0,0.0,0.0,3,0,0.0,0.0,0,,0.0,0.17956318,0.0,0.102564104
DB00011,DB00035,0,0.0,0.0,0.0,12,0,0.0,0.0,1,test,0.21993105,0.0,0.0,1.0
DB00011,DB00012,1,0.2,0.2,0.6213349345596119,9,2,0.2,1000.0,0,,0.42115816,0.0,0.15028475,0.14285715
DB00011,DB00018,1,0.1428571428571428,0.1,0.5138983423697507,24,1,0.0,0.0,0,,0.0,0.0,0.23102412,0.13157895
DB00011,DB00034,1,0.1428571428571428,0.125,0.5138983423697507,18,1,0.0,0.0,0,,0.0,0.0,0.0,0.13157895
DB00011,DB00036,0,0.0,0.0,0.0,6,0,0.0,0.0,0,,0.0,0.5502855,0.0,0.14285715
DB00011,DB00037,0,0.0,0.0,0.0,9,0,0.0,0.0,0,,0.0,0.0,0.07081768,0.11904762
DB00014,DB00021,0,0.0,0.0,0.0,15,0,0.0,0.0,1,test,0.0,0.33462405,0.0,0.15
DB00014,DB00025,2,0.5,0.3333333333333333,1.4683498531780843,15,4,0.5,2000.0,0,,0.0,0.20668374,0.0,0.09090909
DB00014,DB00028,1,0.1666666666666666,0.2,0.5581106265512472,9,1,0.0,0.0,0,,0.0,0.0,0.0,0.083333336
DB00014,DB00029,1,0.1666666666666666,0.1666666666666666,0.5581106265512472,12,1,0.0,0.0,0,,0.0,0.0,0.0,0.15
DB00014,DB00002,0,0.0,0.0,0.0,12,0,0.0,0.0,0,,0.0,0.0,0.0,0.07692308
DB00014,DB00005,1,0.125,0.1111111111111111,0.4808983469629878,21,1,0.0,0.0,0,,0.0,0.0,0.0,0.15
DB00014,DB00008,0,0.0,0.0,0.0,9,0,0.0,0.0,0,,0.6591508,0.0,0.0,0.13043478
DB00014,DB00010,0,0.0,0.0,0.0,12,0,0.0,0.0,1,test,0.0,0.0,0.0,0.07692308
DB00014,DB00020,0,0.0,0.0,0.0,21,0,0.0,0.0,0,,0.0,0.0,0.12885442,0.083333336
DB00014,DB00022,0,0.0,0.0,0.0,6,0,0.0,0.0,0,,0.0,0.0,0.20812915,1.0
DB00014,DB00031,0,0.0,0.0,0.0,15,0,0.0,0.0,0,,0.5949459,0.0,0.0,0.06666667
DB00014,DB00015,0,0.0,0.0,0.0,15,0,0.0,0.0,0,,0.0,0.0,0.0,0.06666667
DB00014,DB00016,0,0.0,0.0,0.0,24,0,0.0,0.0,1,train,0.0,0.3301809,0.0,0.13043478
DB00014,DB00017,0,0.0,0.0,0.0,9,0,0.0,0.0,0,,0.0,0.0,0.0,0.09090909
DB00014,DB00027,0,0.0,0.0,0.0,6,0,0.0,0.0,0,,0.0,0.0,0.0,0.102564104
DB00014,DB00033,1,0.3333333333333333,0.1666666666666666,0.9102392266268372,12,1,0.0,0.0,0,,0.0,0.0,0.0,0.09090909
DB00014,DB00040,0,0.0,0.0,0.0,18,0,0.0,0.0,0,,0.0,0.0,0.0,0.13043478
DB00014,DB00004,0,0.0,0.0,0.0,18,0,0.0,0.0,0,,0.0,0.22471958,0.0,0.083333336
DB00014,DB00030,0,0.0,0.0,0.0,18,0,0.0,0.0,0,,0.0,0.0,0.0,1.0
DB00014,DB00032,0,0.0,0.0,0.0,12,0,0.0,0.0,0,,0.0,0.0,0.2255078,0.13043478
DB00014,DB00039,0,0.0,0.0,0.0,15,0,0.0,0.0,0,,0.0,0.0,0.0,0.06666667
DB00014,DB00006,0,0.0,0.0,0.0,6,0,0.0,0.0,0,,0.0,0.0,0.0,1.0
DB00014,DB00019,0,0.0,0.0,0.0,15,0,0.0,0.0,0,,0.0,0.0,0.0,0.102564104
DB00014,DB00007,0,0.0,0.0,0.0,9,0,0.0,0.0,0,,0.0,0.0,0.1918776,0.06666667
DB00014,DB00013,0,0.0,0.0,0.0,15,0,0.0,0.0,0,,0.0,0.0,0.0,0.15
DB00014,DB00024,0,0.0,0.0,0.0,9,0,0.0,0.0,0,,0.0,0.0,0.13891129,0.13043478
DB00014,DB00026,0,0.0,0.0,0.0,12,0,0.0,0.0,0,,0.0,0.0,0.18614902,0.07692308
DB00014,DB00023,0,0.0,0.0,0.0,12,0,0.0,0.0,0,,0.0,0.17636268,0.0,0.06666667
DB00014,DB00038,1,0.125,0.3333333333333333,0.4808983469629878,3,1,0.0,0.0,0,,0.0,0.0,0.0,1.0
DB00014,DB00035,0,0.0,0.0,0.0,12,0,0.0,0.0,0,,0.6413195,0.0,0.15948467,0.102564104
DB00014,DB00012,0,0.0,0.0,0.0,9,0,0.0,0.0,1,train,0.0,0.29793102,0.17818984,0.083333336
DB00014,DB00018,1,0.125,0.1,0.4808983469629878,24,1,0.0,0.0,1,test,0.0,0.0,0.31030312,0.07692308
DB00014,DB00034,1,0.125,0.125,0.4808983469629878,18,1,0.0,0.0,0,,0.0,0.0,0.0,0.07692308
DB00014,DB00036,1,0.125,0.25,0.4808983469629878,6,1,0.0,0.0,0,,1.0,0.0,0.11522103,0.083333336
DB00014,DB00037,0,0.0,0.0,0.0,9,0,0.0,0.0,0,,0.0,0.0,0.08396722,0.15
DB00021,DB00025,1,0.1428571428571428,0.1111111111111111,0.5138983423697507,25,1,0.0,0.0,0,,0.49903703,0.0,0.0,0.21212122
DB00021,DB00028,1,0.125,0.1428571428571428,0.4808983469629878,15,1,0.0,0.0,0,,0.0,0.0,0.0,0.3030303
DB00021,DB00029,0,0.0,0.0,0.0,20,0,0.0,0.0,0,,0.0,0.0,0.14495799,1.0
DB00021,DB00002,1,0.1428571428571428,0.125,0.5138983423697507,20,1,0.0,0.0,0,,0.50107354,0.0,0.0,0.4375
DB00021,DB00005,0,0.0,0.0,0.0,35,0,0.0,0.0,1,train,0.0,0.0,0.0,1.0
DB00021,DB00008,0,0.0,0.0,0.0,15,0,0.0,0.0,0,,0.0,0.0,0.45741743,0.33333334
DB00021,DB00010,1,0.1428571428571428,0.125,0.5138983423697507,20,1,0.0,0.0,0,,0.0,0.0,0.37547287,0.4375
DB00021,DB00020,2,0.2916666666666666,0.2,1.039008973514235,35,2,0.0,0.0,0,,1.0,0.0,0.0,0.3030303
DB00021,DB00022,0,0.0,0.0,0.0,10,0,0.0,0.0,0,,0.0,0.0,0.30762044,0.15
DB00021,DB00031,1,0.125,0.1111111111111111,0.4808983469629878,25,1,0.0,0.0,0,,0.0,0.31534135,0.20925084,0.04
DB00021,DB00015,1,0.1666666666666666,0.1111111111111111,0.5581106265512472,25,2,0.1666666666666666,1000.0,1,train,0.0,0.0,0.0,0.04
DB00021,DB00016,2,0.2678571428571428,0.1818181818181818,0.9947966893327386,40,2,0.0,0.0,0,,0.0,0.0,0.0,0.33333334
DB00021,DB00017,0,0.0,0.0,0.0,15,0,0.0,0.0,0,,0.44572815,0.0,0.0,0.21212122
DB00021,DB00027,0,0.0,0.0,0.0,10,0,0.0,0.0,0,,0.0,0.0,0.122580245,0.11904762
DB00021,DB00033,0,0.0,0.0,0.0,20,0,0.0,0.0,0,,0.0,0.0,0.18505731,0.21212122
DB00021,DB00040,0,0.0,0.0,0.0,30,0,0.0,0.0,1,train,0.0,0.0,0.0,0.33333334
DB00021,DB00004,2,0.3666666666666667,0.2222222222222222,1.179445561110859,30,4,0.3666666666666667,2000.0,0,,0.0,0.3357792,0.0,0.3030303
DB00021,DB00030,1,0.2,0.1,0.6213349345596119,30,2,0.2,1000.0,1,train,0.0,0.0,0.0,0.15
DB00021,DB00032,1,0.1428571428571428,0.125,0.5138983423697507,20,1,0.0,0.0,1,test,0.0,0.0,0.1557593,0.33333334
DB00021,DB00039,2,0.3095238095238095,0.25,1.072008968920998,25,2,0.0,0.0,0,,0.0,0.0,0.0,0.04
DB00021,DB00006,1,0.1666666666666666,0.1666666666666666,0.5581106265512472,10,1,0.0,0.0,0,,0.0,0.36186507,0.0,0.15
DB00021,DB00019,0,0.0,0.0,0.0,25,0,0.0,0.0,0,,0.0,0.0,0.2083934,0.11904762
DB00021,DB00007,0,0.0,0.0,0.0,15,0,0.0,0.0,0,,0.0,0.0,0.11030949,0.04
DB00021,DB00013,1,0.125,0.1111111111111111,0.4808983469629878,25,1,0.0,0.0,0,,0.0,0.0,0.0,1.0
DB00021,DB00024,1,0.1666666666666666,0.1428571428571428,0.5581106265512472,15,1,0.0,0.0,0,,0.54370004,0.0,0.259823,0.33333334
DB00021,DB00026,1,0.2,0.125,0.6213349345596119,20,2,0.2,1000.0,0,,0.0,0.0,0.0,0.4375
DB00021,DB00023,1,0.1666666666666666,0.125,0.5581106265512472,20,1,0.0,0.0,0,,0.0,0.0,0.0,0.04
DB00021,DB00038,0,0.0,0.0,0.0,5,0,0.0,0.0,0,,0.0,0.0,0.0,0.15
DB00021,DB00035,1,0.125,0.125,0.4808983469629878,20,1,0.0,0.0,0,,0.0,0.0,0.0,0.11904762
DB00021,DB00012,0,0.0,0.0,0.0,15,0,0.0,0.0,0,,0.0,0.0,0.0,0.3030303
DB00021,DB00018,0,0.0,0.0,0.0,40,0,0.0,0.0,1,train,0.65020853,0.0,0.11340923,0.4375
DB00021,DB00034,2,0.2916666666666666,0.2222222222222222,1.039008973514235,30,2,0.0,0.0,0,,1.0,0.0,0.15263166,0.4375
DB00021,DB00036,0,0.0,0.0,0.0,10,0,0.0,0.0,0,,0.0,0.0,0.0,0.3030303
DB00021,DB00037,0,0.0,0.0,0.0,15,0,0.0,0.0,0,,0.0,0.0,0.0,1.0
DB00025,DB00028,1,0.1666666666666666,0.1428571428571428,0.5581106265512472,15,1,0.0,0.0,0,,0.0,0.13458046,0.0,0.4347826
DB00025,DB00029,1,0.1666666666666666,0.125,0.5581106265512472,20,1,0.0,0.0,1,test,0.0,0.0,0.16561894,0.21212122
DB00025,DB00002,1,0.1428571428571428,0.125,0.5138983423697507,20,1,0.0,0.0,0,,0.25005427,0.0,0.0,0.44
DB00025,DB00005,0,0.0,0.0,0.0,35,0,0.0,0.0,1,train,0.0,0.0,0.15994763,0.21212122
DB00025,DB00008,0,0.0,0.0,0.0,15,0,0.0,0.0,0,,0.0,0.0,0.0,0.17948718
DB00025,DB00010,2,0.3095238095238095,0.2857142857142857,1.072008968920998,20,2,0.0,0.0,0,,0.0,0.0,0.0,0.44
DB00025,DB00020,1,0.3333333333333333,0.0909090909090909,0.9102392266268372,35,1,0.0,0.0,0,,0.49903703,0.12317323,0.0,0.4347826
DB00025,DB00022,1,0.1666666666666666,0.1666666666666666,0.5581106265512472,10,1,0.0,0.0,0,,0.0,0.15837163,0.0,0.09090909
DB00025,DB00031,0,0.0,0.0,0.0,25,0,0.0,0.0,0,,0.0,0.0,0.0,0.16666667
DB00025,DB00015,1,0.1666666666666666,0.1111111111111111,0.5581106265512472,25,1,0.0,0.0,0,,0.0,0.21393397,0.0,0.16666667
DB00025,DB00016,1,0.1428571428571428,0.0833333333333333,0.5138983423697507,40,1,0.0,0.0,0,,0.0,0.28830674,0.0,0.17948718
DB00025,DB00017,0,0.0,0.0,0.0,15,0,0.0,0.0,0,,0.22243486,0.121001855,0.34020716,1.0
DB00025,DB00027,1,0.1666666666666666,0.1666666666666666,0.5581106265512472,10,1,0.0,0.0,0,,0.0,0.10209502,0.0,0.19354838
DB00025,DB00033,1,0.3333333333333333,0.125,0.9102392266268372,20,1,0.0,0.0,0,,0.0,0.22446464,0.0,1.0
DB00025,DB00040,0,0.0,0.0,0.0,30,0,0.0,0.0,0,,0.62776476,0.17850205,0.0,0.17948718
DB00025,DB00004,0,0.0,0.0,0.0,30,0,0.0,0.0,1,train,0.0,0.0,0.20837028,0.4347826
DB00025,DB00030,1,0.1666666666666666,0.1,0.5581106265512472,30,1,0.0,0.0,0,,0.0,0.0,0.0,0.09090909
DB00025,DB00032,1,0.1428571428571428,0.125,0.5138983423697507,20,1,0.0,0.0,0,,0.0,0.0,0.0,0.17948718
DB00025,DB00039,1,0.1428571428571428,0.1111111111111111,0.5138983423697507,25,1,0.0,0.0,0,,0.0,0.0,0.0,0.16666667
DB00025,DB00006,0,0.0,0.0,0.0,10,0,0.0,0.0,1,test,0.0,0.0,0.24691644,0.09090909
DB00025,DB00019,0,0.0,0.0,0.0,25,0,0.0,0.0,0,,0.0,0.0,0.0,0.19354838
DB00025,DB00007,0,0.0,0.0,0.0,15,0,0.0,0.0,0,,0.0,0.0,0.0,0.16666667
DB00025,DB00013,0,0.0,0.0,0.0,25,0,0.0,0.0,0,,0.0,0.110512495,0.0,0.21212122
DB00025,DB00024,0,0.0,0.0,0.0,15,0,0.0,0.0,0,,0.27132645,0.3025357,0.0,0.17948718
DB00025,DB00026,0,0.0,0.0,0.0,20,0,0.0,0.0,0,,0.0,0.09185545,0.0,0.44
DB00025,DB00023,0,0.0,0.0,0.0,20,0,0.0,0.0,0,,0.0,0.4746063,0.0,0.16666667
DB00025,DB00038,0,0.0,0.0,0.0,5,0,0.0,0.0,0,,0.0,0.0,0.0,0.09090909
DB00025,DB00035,0,0.0,0.0,0.0,20,0,0.0,0.0,0,,0.0,0.09240551,0.0,0.19354838
DB00025,DB00012,0,0.0,0.0,0.0,15,0,0.0,0.0,1,train,0.6476749,0.10043334,0.0,0.4347826
DB00025,DB00018,0,0.0,0.0,0.0,40,0,0.0,0.0,0,,0.32447812,0.0,0.0,0.44
DB00025,DB00034,0,0.0,0.0,0.0,30,0,0.0,0.0,0,,0.49903703,0.0,0.0,0.44
DB00025,DB00036,0,0.0,0.0,0.0,10,0,0.0,0.0,0,,0.0,0.1285412,0.0,0.4347826
DB00025,DB00037,0,0.0,0.0,0.0,15,0,0.0,0.0,0,,0.0,0.0,0.0,0.21212122
DB00028,DB00029,1,0.1666666666666666,0.1666666666666666,0.5581106265512472,12,1,0.0,0.0,0,,0.0,0.0,0.13421242,0.3030303
DB00028,DB00002,0,0.0,0.0,0.0,12,0,0.0,0.0,0,,0.0,0.34167218,0.21926756,0.56
DB00028,DB00005,0,0.0,0.0,0.0,21,0,0.0,0.0,0,,0.0,0.0,0.0,0.3030303
DB00028,DB00008,0,0.0,0.0,0.0,9,0,0.0,0.0,0,,0.0,0.0,0.0,0.3243243
DB00028,DB00010,0,0.0,0.0,0.0,12,0,0.0,0.0,0,,0.0,0.0,0.0,0.56
DB00028,DB00020,1,0.125,0.1111111111111111,0.4808983469629878,21,2,0.125,1000.0,0,,0.0,0.0,0.259761,1.0
DB00028,DB00022,0,0.0,0.0,0.0,6,0,0.0,0.0,0,,0.0,0.0,0.0,0.083333336
DB00028,DB00031,1,0.125,0.1428571428571428,0.4808983469629878,15,1,0.0,0.0,1,test,0.40250775,0.0,0.22625785,0.15384616
DB00028,DB00015,0,0.0,0.0,0.0,15,0,0.0,0.0,0,,0.3143869,0.50667703,0.1536484,0.15384616
DB00028,DB00016,2,0.625,0.2222222222222222,1.9235933878519516,24,4,0.625,2000.0,0,,0.0,0.0,0.23731793,0.3243243
DB00028,DB00017,0,0.0,0.0,0.0,9,0,0.0,0.0,0,,0.0,0.13808005,0.0,0.4347826
DB00028,DB00027,0,0.0,0.0,0.0,6,0,0.0,0.0,0,,0.0,0.11650471,0.0,0.14285715
DB00028,DB00033,0,0.0,0.0,0.0,12,0,0.0,0.0,0,,0.471547,0.0,0.0,0.4347826
DB00028,DB00040,0,0.0,0.0,0.0,18,0,0.0,0.0,0,,0.0,0.0,0.0,0.3243243
DB00028,DB00004,0,0.0,0.0,0.0,18,0,0.0,0.0,0,,0.0,0.0,0.0,1.0
DB00028,DB00030,0,0.0,0.0,0.0,18,0,0.0,0.0,1,test,0.28134155,0.0,0.0,0.083333336
DB00028,DB00032,0,0.0,0.0,0.0,12,0,0.0,0.0,0,,0.0,0.0,0.0,0.3243243
DB00028,DB00039,0,0.0,0.0,0.0,15,0,0.0,0.0,0,,0.0,0.0,0.0,0.15384616
DB00028,DB00006,0,0.0,0.0,0.0,6,0,0.0,0.0,0,,0.0,0.0,0.0,0.083333336
DB00028,DB00019,0,0.0,0.0,0.0,15,0,0.0,0.0,0,,0.41707548,0.0,0.0,0.14285715
DB00028,DB00007,0,0.0,0.0,0.0,9,0,0.0,0.0,0,,0.0,0.0,0.0,0.15384616
DB00028,DB00013,1,0.125,0.1428571428571428,0.4808983469629878,15,1,0.0,0.0,0,,0.0,0.0,0.44082463,0.3030303
DB00028,DB00024,0,0.0,0.0,0.0,9,0,0.0,0.0,0,,0.512784,0.0,0.0,0.3243243
DB00028,DB00026,0,0.0,0.0,0.0,12,0,0.0,0.0,0,,0.0,0.10481992,0.0,0.56
DB00028,DB00023,0,0.0,0.0,0.0,12,0,0.0,0.0,0,,0.0,0.11483714,0.0,0.15384616
DB00028,DB00038,0,0.0,0.0,0.0,3,0,0.0,0.0,0,,0.0,0.0,0.0,0.083333336
DB00028,DB00035,1,0.125,0.1666666666666666,0.4808983469629878,12,1,0.0,0.0,0,,0.29452994,0.32128155,0.0,0.14285715
DB00028,DB00012,0,0.0,0.0,0.0,9,0,0.0,0.0,0,,0.0,0.34919322,0.66941285,1.0
DB00028,DB00018,0,0.0,0.0,0.0,24,0,0.0,0.0,1,train,0.0,0.0,0.15468234,0.56
DB00028,DB00034,1,0.125,0.125,0.4808983469629878,18,2,0.125,1000.0,0,,0.0,0.0,0.0,0.56
DB00028,DB00036,0,0.0,0.0,0.0,6,0,0.0,0.0,1,train,0.0,0.0,0.2322771,1.0
DB00028,DB00037,0,0.0,0.0,0.0,9,0,0.0,0.0,0,,0.5033927,0.0,0.0,0.3030303
DB00029,DB00002,2,0.45,0.3333333333333333,1.3426824550040934,16,4,0.45,2000.0,0,,0.5854946,0.0,0.132147,0.4375
DB00029,DB00005,2,0.5,0.2222222222222222,1.4426950408889634,28,4,0.5,2000.0,0,,0.0,0.0,0.09254514,1.0
DB00029,DB00008,1,0.25,0.1666666666666666,0.7213475204444817,12,2,0.25,1000.0,0,,0.0,0.0,0.0,0.33333334
DB00029,DB00010,0,0.0,0.0,0.0,16,0,0.0,0.0,1,train,0.7346893,0.66236144,0.0,0.4375
DB00029,DB00020,0,0.0,0.0,0.0,28,0,0.0,0.0,0,,0.0,0.0,0.0,0.3030303
DB00029,DB00022,0,0.0,0.0,0.0,8,0,0.0,0.0,0,,0.0,0.14579709,0.29957157,0.15
DB00029,DB00031,0,0.0,0.0,0.0,20,0,0.0,0.0,1,train,0.0,0.0,0.0,0.04
DB00029,DB00015,0,0.0,0.0,0.0,20,0,0.0,0.0,0,,0.0,0.0,0.09260001,0.04
DB00029,DB00016,0,0.0,0.0,0.0,32,0,0.0,0.0,0,,0.0,0.0,0.14302552,0.33333334
DB00029,DB00017,1,0.2,0.1666666666666666,0.6213349345596119,12,1,0.0,0.0,0,,0.0,0.6676248,0.19684266,0.21212122
DB00029,DB00027,0,0.0,0.0,0.0,8,0,0.0,0.0,0,,0.7346893,0.0,0.0,0.11904762
DB00029,DB00033,0,0.0,0.0,0.0,16,0,0.0,0.0,0,,0.0,0.0,0.1802153,0.21212122
DB00029,DB00040,0,0.0,0.0,0.0,24,0,0.0,0.0,0,,0.0,0.0,0.0,0.33333334
DB00029,DB00004,1,0.25,0.1111111111111111,0.7213475204444817,24,1,0.0,0.0,0,,0.0,0.0,0.12056231,0.3030303
DB00029,DB00030,0,0.0,0.0,0.0,24,0,0.0,0.0,0,,0.0,0.0,0.0,0.15
DB00029,DB00032,0,0.0,0.0,0.0,16,0,0.0,0.0,1,train,0.0,0.24977273,0.0,0.33333334
DB00029,DB00039,0,0.0,0.0,0.0,20,0,0.0,0.0,0,,0.5603578,0.17746896,0.17035145,0.04
DB00029,DB00006,0,0.0,0.0,0.0,8,0,0.0,0.0,1,test,0.0,0.0,0.14286497,0.15
DB00029,DB00019,0,0.0,0.0,0.0,20,0,0.0,0.0,0,,0.0,0.0,0.0,0.11904762
DB00029,DB00007,0,0.0,0.0,0.0,12,0,0.0,0.0,0,,0.0,0.0,0.0,0.04
DB00029,DB00013,0,0.0,0.0,0.0,20,0,0.0,0.0,0,,1.0,0.0,0.0,1.0
DB00029,DB00024,1,0.25,0.1666666666666666,0.7213475204444817,12,1,0.0,0.0,0,,0.0,0.0,0.0,0.33333334
DB00029,DB00026,0,0.0,0.0,0.0,16,0,0.0,0.0,0,,0.0,0.0,0.0,0.4375
DB00029,DB00023,0,0.0,0.0,0.0,16,0,0.0,0.0,0,,0.70710677,0.0,0.0,0.04
DB00029,DB00038,0,0.0,0.0,0.0,4,0,0.0,0.0,0,,0.0,0.20682283,0.0,0.15
DB00029,DB00035,0,0.0,0.0,0.0,16,0,0.0,0.0,0,,0.0,0.0,0.19376554,0.11904762
DB00029,DB00012,0,0.0,0.0,0.0,12,0,0.0,0.0,0,,0.0,0.0,0.14695987,0.3030303
DB00029,DB00018,1,0.2,0.0909090909090909,0.6213349345596119,32,1,0.0,0.0,0,,0.0,0.0,0.09322313,0.4375
DB00029,DB00034,0,0.0,0.0,0.0,24,0,0.0,0.0,0,,0.0,0.0,0.0,0.4375
DB00029,DB00036,0,0.0,0.0,0.0,8,0,0.0,0.0,1,test,0.0,0.0,0.0,0.3030303
DB00029,DB00037,0,0.0,0.0,0.0,12,0,0.0,0.0,0,,0.0,0.0,0.12085857,1.0
DB00002,DB00005,1,0.25,0.1,0.7213475204444817,28,2,0.25,1000.0,1,train,0.48595947,0.0,0.0,0.4375
DB00002,DB00008,0,0.0,0.0,0.0,12,0,0.0,0.0,1,train,0.0,0.0,0.0,0.33333334
DB00002,DB00010,1,0.1428571428571428,0.1428571428571428,0.5138983423697507,16,2,0.1428571428571428,1000.0,1,train,0.43015662,0.0,0.0,1.0
DB00002,DB00020,1,0.3333333333333333,0.1,0.9102392266268372,28,1,0.0,0.0,1,test,0.50107354,0.45132306,0.20859343,0.56
DB00002,DB00022,0,0.0,0.0,0.0,8,0,0.0,0.0,1,test,0.0,0.0,0.0,0.07692308
DB00002,DB00031,0,0.0,0.0,0.0,20,0,0.0,0.0,1,train,0.0,0.0,0.28192008,0.2
DB00002,DB00015,0,0.0,0.0,0.0,20,0,0.0,0.0,0,,0.0,0.0,0.48540378,0.2
DB00002,DB00016,1,0.1428571428571428,0.0909090909090909,0.5138983423697507,32,1,0.0,0.0,0,,0.0,0.0,0.23366581,0.33333334
DB00002,DB00017,1,0.2,0.1666666666666666,0.6213349345596119,12,1,0.0,0.0,0,,0.2233426,0.0,0.0,0.44
DB00002,DB00027,0,0.0,0.0,0.0,8,0,0.0,0.0,0,,0.43015662,0.0,0.0,0.13157895
DB00002,DB00033,0,0.0,0.0,0.0,16,0,0.0,0.0,0,,0.4052325,0.0,0.0,0.44
DB00002,DB00040,0,0.0,0.0,0.0,24,0,0.0,0.0,0,,0.0,0.0,0.27221367,0.33333334
DB00002,DB00004,1,0.25,0.1111111111111111,0.7213475204444817,24,1,0.0,0.0,0,,0.0,0.0,0.0,0.56
DB00002,DB00030,0,0.0,0.0,0.0,24,0,0.0,0.0,0,,0.35616803,0.0,0.0,0.07692308
DB00002,DB00032,2,0.4761904761904761,0.3333333333333333,1.424137568996588,16,4,0.4761904761904761,2000.0,0,,0.0,0.0,0.0,0.33333334
DB00002,DB00039,1,0.1428571428571428,0.125,0.5138983423697507,20,1,0.0,0.0,0,,0.716772,0.0,0.0,0.2
DB00002,DB00006,0,0.0,0.0,0.0,8,0,0.0,0.0,0,,0.36517075,0.0,0.0,0.07692308
DB00002,DB00019,0,0.0,0.0,0.0,20,0,0.0,0.0,0,,0.0,0.0,0.0,0.13157895
DB00002,DB00007,0,0.0,0.0,0.0,12,0,0.0,0.0,0,,0.0,0.0,0.0,0.2
DB00002,DB00013,0,0.0,0.0,0.0,20,0,0.0,0.0,0,,0.5854946,0.0,0.0,0.4375
DB00002,DB00024,0,0.0,0.0,0.0,12,0,0.0,0.0,0,,0.2724337,0.0,0.0,0.33333334
DB00002,DB00026,0,0.0,0.0,0.0,16,0,0.0,0.0,0,,0.0,0.0,0.0,1.0
DB00002,DB00023,0,0.0,0.0,0.0,16,0,0.0,0.0,0,,0.4140072,0.0,0.0,0.2
DB00002,DB00038,0,0.0,0.0,0.0,4,0,0.0,0.0,0,,0.0,0.0,0.0,0.07692308
DB00002,DB00035,0,0.0,0.0,0.0,16,0,0.0,0.0,0,,0.0,0.23459865,0.0,0.13157895
DB00002,DB00012,0,0.0,0.0,0.0,12,0,0.0,0.0,0,,0.0,0.25497964,0.24009351,0.56
DB00002,DB00018,1,0.2,0.0909090909090909,0.6213349345596119,32,1,0.0,0.0,0,,0.3258023,0.0,0.15230191,1.0
DB00002,DB00034,0,0.0,0.0,0.0,24,0,0.0,0.0,0,,0.50107354,0.0,0.0,1.0
DB00002,DB00036,0,0.0,0.0,0.0,8,0,0.0,0.0,0,,0.0,0.0,0.0,0.56
DB00002,DB00037,0,0.0,0.0,0.0,12,0,0.0,0.0,0,,0.0,0.0,0.0,0.4375
DB00005,DB00008,2,0.5,0.25,1.4426950408889634,21,4,0.5,2000.0,0,,0.33003792,0.0,0.0,0.33333334
DB00005,DB00010,1,0.25,0.1,0.7213475204444817,28,2,0.25,1000.0,1,train,0.43887392,0.0,0.0,0.4375
DB00005,DB00020,0,0.0,0.0,0.0,49,0,0.0,0.0,0,,0.0,0.0,0.15119058,0.3030303
DB00005,DB00022,0,0.0,0.0,0.0,14,0,0.0,0.0,0,,0.0,0.0,0.0,0.15
DB00005,DB00031,1,0.25,0.0909090909090909,0.7213475204444817,35,2,0.25,1000.0,0,,0.29789042,0.29168463,0.0,0.04
DB00005,DB00015,1,0.2,0.0909090909090909,0.6213349345596119,35,1,0.0,0.0,0,,0.34275874,0.0,0.15607406,0.04
DB00005,DB00016,0,0.0,0.0,0.0,56,0,0.0,0.0,1,train,0.0,0.0,0.0,0.33333334
DB00005,DB00017,0,0.0,0.0,0.0,21,0,0.0,0.0,0,,0.0,0.0,0.19010215,0.21212122
DB00005,DB00027,0,0.0,0.0,0.0,14,0,0.0,0.0,0,,0.43887392,0.0,0.0,0.11904762
DB00005,DB00033,0,0.0,0.0,0.0,28,0,0.0,0.0,0,,0.48489583,0.0,0.0,0.21212122
DB00005,DB00040,2,0.4,0.1818181818181818,1.2426698691192235,42,2,0.0,0.0,0,,0.0,0.0,0.0,0.33333334
DB00005,DB00004,2,0.45,0.1818181818181818,1.3426824550040934,42,2,0.0,0.0,0,,0.0,0.0,0.3334934,0.3030303
DB00005,DB00030,1,0.2,0.0833333333333333,0.6213349345596119,42,1,0.0,0.0,0,,0.42618594,0.0,0.0,0.15
DB00005,DB00032,0,0.0,0.0,0.0,28,0,0.0,0.0,1,train,0.0,0.0,0.0,0.33333334
DB00005,DB00039,0,0.0,0.0,0.0,35,0,0.0,0.0,1,train,0.465096,0.0,0.0,0.04
DB00005,DB00006,0,0.0,0.0,0.0,14,0,0.0,0.0,0,,0.4369585,0.0,0.48201367,0.15
DB00005,DB00019,0,0.0,0.0,0.0,35,0,0.0,0.0,0,,0.0,0.0,0.19599147,0.11904762
DB00005,DB00007,0,0.0,0.0,0.0,21,0,0.0,0.0,0,,0.0,0.0,0.15282975,0.04
DB00005,DB00013,1,0.2,0.0909090909090909,0.6213349345596119,35,1,0.0,0.0,0,,0.0,0.28883296,0.0,1.0
DB00005,DB00024,1,0.25,0.1111111111111111,0.7213475204444817,21,1,0.0,0.0,0,,0.0,0.0,0.0,0.33333334
DB00005,DB00026,0,0.0,0.0,0.0,28,0,0.0,0.0,0,,0.0,0.0,0.27640373,0.4375
DB00005,DB00023,0,0.0,0.0,0.0,28,0,0.0,0.0,0,,0.0,0.41259763,0.0,0.04
DB00005,DB00038,1,0.125,0.1428571428571428,0.4808983469629878,7,1,0.0,0.0,0,,0.0,0.0,0.0,0.15
DB00005,DB00035,1,0.2,0.1,0.6213349345596119,28,1,0.0,0.0,0,,0.32110977,0.0,0.0,0.11904762
DB00005,DB00012,1,0.2,0.1111111111111111,0.6213349345596119,21,1,0.0,0.0,0,,0.0,0.0,0.0,0.3030303
DB00005,DB00018,2,0.325,0.1538461538461538,1.1022332815225997,56,2,0.0,0.0,0,,0.0,0.0,0.0,0.4375
DB00005,DB00034,1,0.125,0.0833333333333333,0.4808983469629878,42,1,0.0,0.0,0,,0.0,0.0,0.0,0.4375
DB00005,DB00036,1,0.125,0.125,0.4808983469629878,14,1,0.0,0.0,0,,0.0,0.0,0.3999261,0.3030303
DB00005,DB00037,1,0.2,0.1111111111111111,0.6213349345596119,21,1,0.0,0.0,0,,0.0,0.0,0.0,1.0
DB00008,DB00010,1,0.25,0.1666666666666666,0.7213475204444817,12,2,0.25,1000.0,0,,0.34609914,0.0,0.0,0.33333334
DB00008,DB00020,0,0.0,0.0,0.0,21,0,0.0,0.0,1,train,0.0,0.0,0.0,0.3243243
DB00008,DB00022,0,0.0,0.0,0.0,6,0,0.0,0.0,0,,0.5524943,0.0,0.0,0.13043478
DB00008,DB00031,1,0.25,0.1428571428571428,0.7213475204444817,15,2,0.25,1000.0,1,test,0.6270776,0.0,0.16863002,0.20833333
DB00008,DB00015,0,0.0,0.0,0.0,15,0,0.0,0.0,0,,0.58731735,0.35471037,0.0,0.20833333
DB00008,DB00016,0,0.0,0.0,0.0,24,0,0.0,0.0,0,,0.0,0.0,0.0,1.0
DB00008,DB00017,1,0.1428571428571428,0.2,0.5138983423697507,9,1,0.0,0.0,0,,0.0,0.0,0.43969065,0.17948718
DB00008,DB00027,0,0.0,0.0,0.0,6,0,0.0,0.0,0,,0.34609914,0.0,0.18100564,0.20454545
DB00008,DB00033,0,0.0,0.0,0.0,12,0,0.0,0.0,1,test,0.0,0.0,0.0,0.17948718
DB00008,DB00040,1,0.1428571428571428,0.125,0.5138983423697507,18,1,0.0,0.0,0,,0.26931524,0.0,0.0,1.0
DB00008,DB00004,0,0.0,0.0,0.0,18,0,0.0,0.0,0,,0.5524943,0.0,0.0,0.3243243
DB00008,DB00030,0,0.0,0.0,0.0,18,0,0.0,0.0,0,,0.0,0.0,0.0,0.13043478
DB00008,DB00032,0,0.0,0.0,0.0,12,0,0.0,0.0,1,train,0.0,0.0,0.22999884,1.0
DB00008,DB00039,0,0.0,0.0,0.0,15,0,0.0,0.0,0,,0.0,0.0,0.0,0.20833333
DB00008,DB00006,0,0.0,0.0,0.0,6,0,0.0,0.0,0,,0.0,0.0,0.0,0.13043478
DB00008,DB00019,1,0.1428571428571428,0.1428571428571428,0.5138983423697507,15,1,0.0,0.0,0,,0.28548858,0.0,0.3077199,0.20454545
DB00008,DB00007,0,0.0,0.0,0.0,9,0,0.0,0.0,0,,0.0,0.0,0.0,0.20833333
DB00008,DB00013,0,0.0,0.0,0.0,15,0,0.0,0.0,1,test,0.0,0.33004808,0.40284225,0.33333334
DB00008,DB00024,1,0.25,0.2,0.7213475204444817,9,1,0.0,0.0,0,,0.0,0.0,0.0,1.0
DB00008,DB00026,0,0.0,0.0,0.0,12,0,0.0,0.0,1,test,0.0,0.0,0.0,0.33333334
DB00008,DB00023,0,0.0,0.0,0.0,12,0,0.0,0.0,0,,0.0,0.0,0.40284225,0.20833333
DB00008,DB00038,0,0.0,0.0,0.0,3,0,0.0,0.0,0,,0.0,0.0,0.0,0.13043478
DB00008,DB00035,0,0.0,0.0,0.0,12,0,0.0,0.0,0,,0.6759558,0.25576258,0.0,0.20454545
DB00008,DB00012,0,0.0,0.0,0.0,9,0,0.0,0.0,0,,0.0,0.0,0.0,0.3243243
DB00008,DB00018,1,0.1428571428571428,0.1,0.5138983423697507,24,1,0.0,0.0,0,,0.0,0.0,0.0,0.33333334
DB00008,DB00034,1,0.1428571428571428,0.125,0.5138983423697507,18,1,0.0,0.0,0,,0.0,0.42260042,0.0,0.33333334
DB00008,DB00036,0,0.0,0.0,0.0,6,0,0.0,0.0,0,,0.6591508,0.0,0.0,0.3243243
DB00008,DB00037,0,0.0,0.0,0.0,9,0,0.0,0.0,0,,0.0,0.0,0.0,0.33333334
DB00010,DB00020,0,0.0,0.0,0.0,28,0,0.0,0.0,1,test,0.0,0.0,0.0,0.56
DB00010,DB00022,1,0.1666666666666666,0.2,0.5581106265512472,8,1,0.0,0.0,0,,0.0,0.0,0.0,0.07692308
DB00010,DB00031,2,0.5,0.2857142857142857,1.4426950408889634,20,4,0.5,2000.0,0,,0.3123872,0.0,0.10110142,0.2
DB00010,DB00015,1,0.1666666666666666,0.125,0.5581106265512472,20,1,0.0,0.0,0,,0.35943902,0.0,0.0,0.2
DB00010,DB00016,1,0.1428571428571428,0.0909090909090909,0.5138983423697507,32,1,0.0,0.0,0,,0.0,0.0,0.0,0.33333334
DB00010,DB00017,0,0.0,0.0,0.0,12,0,0.0,0.0,0,,0.0,0.44220895,0.0,0.44
DB00010,DB00027,1,0.1666666666666666,0.2,0.5581106265512472,8,1,0.0,0.0,0,,1.0,0.24046084,0.0,0.13157895
DB00010,DB00033,0,0.0,0.0,0.0,16,0,0.0,0.0,0,,0.0,0.0,0.0,0.44
DB00010,DB00040,0,0.0,0.0,0.0,24,0,0.0,0.0,0,,0.0,0.0,0.0,0.33333334
DB00010,DB00004,0,0.0,0.0,0.0,24,0,0.0,0.0,1,train,0.0,0.23864909,0.0,0.56
DB00010,DB00030,1,0.1666666666666666,0.1111111111111111,0.5581106265512472,24,1,0.0,0.0,0,,0.0,0.243692,0.23379016,0.07692308
DB00010,DB00032,2,0.3928571428571428,0.3333333333333333,1.2352458628142324,16,4,0.3928571428571428,2000.0,0,,0.0,0.0,0.0,0.33333334
DB00010,DB00039,1,0.1428571428571428,0.125,0.5138983423697507,20,1,0.0,0.0,0,,0.4116889,0.0,0.0,0.2
DB00010,DB00006,0,0.0,0.0,0.0,8,0,0.0,0.0,0,,0.0,0.0,0.0,0.07692308
DB00010,DB00019,0,0.0,0.0,0.0,20,0,0.0,0.0,0,,0.0,0.0,0.0,0.13157895
DB00010,DB00007,0,0.0,0.0,0.0,12,0,0.0,0.0,0,,0.0,0.0,0.11733045,0.2
DB00010,DB00013,0,0.0,0.0,0.0,20,0,0.0,0.0,0,,0.7346893,0.0,0.0,0.4375
DB00010,DB00024,0,0.0,0.0,0.0,12,0,0.0,0.0,0,,0.0,0.0,0.0,0.33333334
DB00010,DB00026,0,0.0,0.0,0.0,16,0,0.0,0.0,0,,0.0,0.21634394,0.0,1.0
DB00010,DB00023,0,0.0,0.0,0.0,16,0,0.0,0.0,0,,0.51950383,0.0,0.29017583,0.2
DB00010,DB00038,0,0.0,0.0,0.0,4,0,0.0,0.0,1,test,0.0,0.0,0.0,0.07692308
DB00010,DB00035,0,0.0,0.0,0.0,16,0,0.0,0.0,0,,0.3367365,0.0,0.0,0.13157895
DB00010,DB00012,0,0.0,0.0,0.0,12,0,0.0,0.0,0,,0.0,0.0,0.0,0.56
DB00010,DB00018,0,0.0,0.0,0.0,32,0,0.0,0.0,0,,0.0,0.0,0.12062748,1.0
DB00010,DB00034,0,0.0,0.0,0.0,24,0,0.0,0.0,0,,0.0,0.0,0.16234632,1.0
DB00010,DB00036,0,0.0,0.0,0.0,8,0,0.0,0.0,0,,0.0,0.0,0.0,0.56
DB00010,DB00037,0,0.0,0.0,0.0,12,0,0.0,0.0,0,,0.0,0.0,0.0,0.4375
DB00020,DB00022,0,0.0,0.0,0.0,14,0,0.0,0.0,0,,0.0,0.0,0.0,0.083333336
DB00020,DB00031,2,0.4583333333333333,0.2,1.391137573589825,35,2,0.0,0.0,0,,0.0,0.0,0.15122233,0.15384616
DB00020,DB00015,0,0.0,0.0,0.0,35,0,0.0,0.0,0,,0.0,0.0,0.17922239,0.15384616
DB00020,DB00016,2,0.2916666666666666,0.1538461538461538,1.039008973514235,56,4,0.2916666666666666,2000.0,0,,0.0,0.0,0.0,0.3243243
DB00020,DB00017,0,0.0,0.0,0.0,21,0,0.0,0.0,1,train,0.44572815,0.0,0.0,0.4347826
DB00020,DB00027,0,0.0,0.0,0.0,14,0,0.0,0.0,0,,0.0,0.0,0.36773485,0.14285715
DB00020,DB00033,0,0.0,0.0,0.0,28,0,0.0,0.0,0,,0.0,0.19988957,0.0,0.4347826
DB00020,DB00040,0,0.0,0.0,0.0,42,0,0.0,0.0,1,train,0.0,0.0,0.18478112,0.3243243
DB00020,DB00004,0,0.0,0.0,0.0,42,0,0.0,0.0,0,,0.0,0.0,0.0,1.0
DB00020,DB00030,1,0.1666666666666666,0.0833333333333333,0.5581106265512472,42,1,0.0,0.0,0,,0.0,0.0,0.0,0.083333336
DB00020,DB00032,1,0.3333333333333333,0.1,0.9102392266268372,28,1,0.0,0.0,0,,0.0,0.0,0.20625605,0.3243243
DB00020,DB00039,1,0.1666666666666666,0.0909090909090909,0.5581106265512472,35,1,0.0,0.0,0,,0.0,0.0,0.0,0.15384616
DB00020,DB00006,2,0.3666666666666667,0.2857142857142857,1.179445561110859,14,2,0.0,0.0,0,,0.0,0.0,0.0,0.083333336
DB00020,DB00019,0,0.0,0.0,0.0,35,0,0.0,0.0,1,train,0.0,0.0,0.0,0.14285715
DB00020,DB00007,2,0.5333333333333333,0.25,1.531574161186449,21,2,0.0,0.0,0,,0.0,0.0,0.17549689,0.15384616
DB00020,DB00013,1,0.125,0.0909090909090909,0.4808983469629878,35,1,0.0,0.0,0,,0.0,0.09841325,0.0,0.3030303
DB00020,DB00024,1,0.1666666666666666,0.1111111111111111,0.5581106265512472,21,1,0.0,0.0,0,,0.54370004,0.0,0.0,0.3243243
DB00020,DB00026,1,0.1666666666666666,0.1,0.5581106265512472,28,1,0.0,0.0,0,,0.0,0.0,0.17025736,0.56
DB00020,DB00023,2,0.3666666666666667,0.2222222222222222,1.179445561110859,28,2,0.0,0.0,0,,0.0,0.0,0.0,0.15384616
DB00020,DB00038,0,0.0,0.0,0.0,7,0,0.0,0.0,0,,0.0,0.0,0.0,0.083333336
DB00020,DB00035,1,0.125,0.1,0.4808983469629878,28,1,0.0,0.0,0,,0.0,0.0,0.14586937,0.14285715
DB00020,DB00012,0,0.0,0.0,0.0,21,0,0.0,0.0,0,,0.0,0.0,0.0,1.0
DB00020,DB00018,1,0.1666666666666666,0.0714285714285714,0.5581106265512472,56,2,0.1666666666666666,1000.0,1,train,0.65020853,0.0,0.0,0.56
DB00020,DB00034,1,0.125,0.0833333333333333,0.4808983469629878,42,2,0.125,1000.0,1,train,1.0,0.0,0.24282934,0.56
DB00020,DB00036,0,0.0,0.0,0.0,14,0,0.0,0.0,0,,0.0,0.11446811,0.26062992,1.0
DB00020,DB00037,1,0.2,0.1111111111111111,0.6213349345596119,21,1,0.0,0.0,0,,0.0,0.4025108,0.0,0.3030303
DB00022,DB00031,0,0.0,0.0,0.0,10,0,0.0,0.0,0,,0.0,0.0,0.0,0.06666667
DB00022,DB00015,1,0.1666666666666666,0.1666666666666666,0.5581106265512472,10,2,0.1666666666666666,1000.0,0,,0.57378936,0.17209531,0.0,0.06666667
DB00022,DB00016,0,0.0,0.0,0.0,16,0,0.0,0.0,0,,0.0,0.0,0.0,0.13043478
DB00022,DB00017,0,0.0,0.0,0.0,6,0,0.0,0.0,1,test,0.0,0.09733775,0.0,0.09090909
DB00022,DB00027,1,0.1666666666666666,0.3333333333333333,0.5581106265512472,4,1,0.0,0.0,0,,0.0,0.21273282,0.0,0.102564104
DB00022,DB00033,0,0.0,0.0,0.0,8,0,0.0,0.0,0,,0.0,0.0,0.38244122,0.09090909
DB00022,DB00040,0,0.0,0.0,0.0,12,0,0.0,0.0,0,,0.48745343,0.14359275,0.0,0.13043478
DB00022,DB00004,0,0.0,0.0,0.0,12,0,0.0,0.0,1,train,1.0,0.0,0.0,0.083333336
DB00022,DB00030,1,0.1666666666666666,0.1428571428571428,0.5581106265512472,12,2,0.1666666666666666,1000.0,0,,0.0,0.0,0.0,1.0
DB00022,DB00032,0,0.0,0.0,0.0,8,0,0.0,0.0,0,,0.0,0.13074282,0.0,0.13043478
DB00022,DB00039,1,0.25,0.1666666666666666,0.7213475204444817,10,1,0.0,0.0,0,,0.0,0.09289561,0.0,0.06666667
DB00022,DB00006,0,0.0,0.0,0.0,4,0,0.0,0.0,0,,0.0,0.0,0.0,1.0
DB00022,DB00019,0,0.0,0.0,0.0,10,0,0.0,0.0,0,,0.51672673,0.0,0.0,0.102564104
DB00022,DB00007,0,0.0,0.0,0.0,6,0,0.0,0.0,0,,0.0,0.0,0.0,0.06666667
DB00022,DB00013,0,0.0,0.0,0.0,10,0,0.0,0.0,0,,0.0,0.0,0.0,0.15
DB00022,DB00024,0,0.0,0.0,0.0,6,0,0.0,0.0,0,,0.0,0.24336937,0.24312319,0.13043478
DB00022,DB00026,1,0.25,0.2,0.7213475204444817,8,2,0.25,1000.0,0,,0.0,0.19139689,0.0,0.07692308
DB00022,DB00023,0,0.0,0.0,0.0,8,0,0.0,0.0,0,,0.0,0.13513808,0.0,0.06666667
DB00022,DB00038,0,0.0,0.0,0.0,2,0,0.0,0.0,0,,0.0,0.10826082,0.0,1.0
DB00022,DB00035,0,0.0,0.0,0.0,8,0,0.0,0.0,1,train,0.0,0.0,0.0,0.102564104
DB00022,DB00012,0,0.0,0.0,0.0,6,0,0.0,0.0,0,,0.0,0.0,0.31186873,0.083333336
DB00022,DB00018,1,0.25,0.1111111111111111,0.7213475204444817,16,1,0.0,0.0,1,test,0.0,0.2513987,0.1978321,0.07692308
DB00022,DB00034,0,0.0,0.0,0.0,12,0,0.0,0.0,0,,0.0,0.0,0.0,0.07692308
DB00022,DB00036,0,0.0,0.0,0.0,4,0,0.0,0.0,0,,0.0,0.0,0.0,0.083333336
DB00022,DB00037,0,0.0,0.0,0.0,6,0,0.0,0.0,1,test,0.0,0.0,0.14695981,0.15
DB00031,DB00015,0,0.0,0.0,0.0,25,0,0.0,0.0,0,,0.24397312,0.0,0.19755122,1.0
DB00031,DB00016,2,0.325,0.1818181818181818,1.1022332815225997,40,2,0.0,0.0,0,,0.0,0.0,0.0,0.20833333
DB00031,DB00017,0,0.0,0.0,0.0,15,0,0.0,0.0,1,train,0.0,0.0,0.0,0.16666667
DB00031,DB00027,0,0.0,0.0,0.0,10,0,0.0,0.0,0,,0.3123872,0.0,0.11530946,0.08888889
DB00031,DB00033,0,0.0,0.0,0.0,20,0,0.0,0.0,0,,0.0,0.0,0.22029692,0.16666667
DB00031,DB00040,0,0.0,0.0,0.0,30,0,0.0,0.0,0,,0.0,0.0,0.0,0.20833333
DB00031,DB00004,0,0.0,0.0,0.0,30,0,0.0,0.0,0,,0.0,0.21177013,0.21710515,0.15384616
DB00031,DB00030,1,0.2,0.1,0.6213349345596119,30,1,0.0,0.0,0,,0.0,0.0,0.0,0.06666667
DB00031,DB00032,1,0.25,0.125,0.7213475204444817,20,2,0.25,1000.0,0,,0.0,0.0,0.14652053,0.20833333
DB00031,DB00039,0,0.0,0.0,0.0,25,0,0.0,0.0,0,,0.0,0.0,0.0,1.0
DB00031,DB00006,0,0.0,0.0,0.0,10,0,0.0,0.0,0,,0.0,0.22822206,0.0,0.06666667
DB00031,DB00019,0,0.0,0.0,0.0,25,0,0.0,0.0,0,,0.0,0.0,0.0,0.08888889
DB00031,DB00007,1,0.3333333333333333,0.1428571428571428,0.9102392266268372,15,1,0.0,0.0,0,,0.0,0.0,0.10376654,1.0
DB00031,DB00013,2,0.325,0.25,1.1022332815225997,25,2,0.0,0.0,1,test,0.0,0.196936,0.0,0.04
DB00031,DB00024,0,0.0,0.0,0.0,15,0,0.0,0.0,0,,0.0,0.0,0.0,0.20833333
DB00031,DB00026,0,0.0,0.0,0.0,20,0,0.0,0.0,0,,0.0,0.0,0.0,0.2
DB00031,DB00023,0,0.0,0.0,0.0,20,0,0.0,0.0,0,,0.0,0.0,0.0,1.0
DB00031,DB00038,0,0.0,0.0,0.0,5,0,0.0,0.0,0,,0.0,0.0,0.0,0.06666667
DB00031,DB00035,1,0.125,0.125,0.4808983469629878,20,1,0.0,0.0,0,,0.610114,0.0,0.0,0.08888889
DB00031,DB00012,0,0.0,0.0,0.0,15,0,0.0,0.0,0,,0.0,0.20990492,0.0,0.15384616
DB00031,DB00018,0,0.0,0.0,0.0,40,0,0.0,0.0,1,train,0.0,0.0,0.10668242,0.2
DB00031,DB00034,1,0.125,0.1,0.4808983469629878,30,1,0.0,0.0,1,test,0.0,0.0,0.1435784,0.2
DB00031,DB00036,0,0.0,0.0,0.0,10,0,0.0,0.0,0,,0.5949459,0.0,0.13522232,0.15384616
DB00031,DB00037,0,0.0,0.0,0.0,15,0,0.0,0.0,0,,0.0,0.0,0.0,0.04
DB00015,DB00016,1,0.25,0.0833333333333333,0.7213475204444817,40,1,0.0,0.0,0,,0.0,0.0,0.16373777,0.20833333
DB00015,DB00017,0,0.0,0.0,0.0,15,0,0.0,0.0,0,,0.0,0.0,0.0,0.16666667
DB00015,DB00027,1,0.1666666666666666,0.1666666666666666,0.5581106265512472,10,1,0.0,0.0,0,,0.35943902,0.0,0.0,0.08888889
DB00015,DB00033,2,0.5,0.2857142857142857,1.4426950408889634,20,2,0.0,0.0,0,,0.0,0.0,0.0,0.16666667
DB00015,DB00040,2,0.45,0.2222222222222222,1.3426824550040934,30,2,0.0,0.0,0,,0.2796956,0.19397014,0.0,0.20833333
DB00015,DB00004,1,0.1666666666666666,0.1,0.5581106265512472,30,2,0.1666666666666666,1000.0,1,train,0.57378936,0.0,0.0,0.15384616
DB00015,DB00030,2,0.3666666666666667,0.2222222222222222,1.179445561110859,30,4,0.3666666666666667,2000.0,1,train,0.3490475,0.0,0.0,0.06666667
DB00015,DB00032,0,0.0,0.0,0.0,20,0,0.0,0.0,0,,0.0,0.0,0.0,0.20833333
DB00015,DB00039,0,0.0,0.0,0.0,25,0,0.0,0.0,0,,0.0,0.0,0.0,1.0
DB00015,DB00006,0,0.0,0.0,0.0,10,0,0.0,0.0,0,,0.0,0.0,0.0,0.06666667
DB00015,DB00019,0,0.0,0.0,0.0,25,0,0.0,0.0,0,,0.2964923,0.0,0.0,0.08888889
DB00015,DB00007,0,0.0,0.0,0.0,15,0,0.0,0.0,0,,0.0,0.0,0.18116547,1.0
DB00015,DB00013,0,0.0,0.0,0.0,25,0,0.0,0.0,0,,0.0,0.0,0.0,0.04
DB00015,DB00024,0,0.0,0.0,0.0,15,0,0.0,0.0,0,,0.0,0.0,0.0,0.20833333
DB00015,DB00026,0,0.0,0.0,0.0,20,0,0.0,0.0,1,train,0.0,0.0,0.0,0.2
DB00015,DB00023,1,0.1666666666666666,0.125,0.5581106265512472,20,1,0.0,0.0,0,,0.0,0.18254928,0.0,1.0
DB00015,DB00038,0,0.0,0.0,0.0,5,0,0.0,0.0,0,,0.0,0.0,0.0,0.06666667
DB00015,DB00035,1,0.25,0.125,0.7213475204444817,20,2,0.25,1000.0,0,,0.62839955,0.2055287,0.0,0.08888889
DB00015,DB00012,0,0.0,0.0,0.0,15,0,0.0,0.0,0,,0.0,0.0,0.16824189,0.15384616
DB00015,DB00018,1,0.2,0.0833333333333333,0.6213349345596119,40,1,0.0,0.0,0,,0.0,0.0,0.10672326,0.2
DB00015,DB00034,2,0.4166666666666666,0.2222222222222222,1.279458146995729,30,2,0.0,0.0,0,,0.0,0.0,0.0,0.2
DB00015,DB00036,0,0.0,0.0,0.0,10,0,0.0,0.0,0,,0.0,0.0,0.0,0.15384616
DB00015,DB00037,0,0.0,0.0,0.0,15,0,0.0,0.0,0,,0.6245361,0.0,0.0,0.04
DB00016,DB00017,0,0.0,0.0,0.0,24,0,0.0,0.0,0,,0.0,0.0,0.0,0.17948718
DB00016,DB00027,0,0.0,0.0,0.0,16,0,0.0,0.0,0,,0.0,0.0,0.4380829,0.20454545
DB00016,DB00033,1,0.25,0.0909090909090909,0.7213475204444817,32,1,0.0,0.0,0,,0.0,0.0,0.0,0.17948718
DB00016,DB00040,1,0.25,0.0769230769230769,0.7213475204444817,48,1,0.0,0.0,0,,0.0,0.0,0.0,1.0
DB00016,DB00004,0,0.0,0.0,0.0,48,0,0.0,0.0,0,,0.0,0.0,0.0,0.3243243
DB00016,DB00030,2,0.3666666666666667,0.1666666666666666,1.179445561110859,48,2,0.0,0.0,1,test,0.6126027,0.0,0.0,0.13043478
DB00016,DB00032,1,0.1428571428571428,0.0909090909090909,0.5138983423697507,32,1,0.0,0.0,0,,0.67023075,0.0,0.0,1.0
DB00016,DB00039,1,0.1428571428571428,0.0833333333333333,0.5138983423697507,40,1,0.0,0.0,0,,0.0,0.0,0.0,0.20833333
DB00016,DB00006,0,0.0,0.0,0.0,16,0,0.0,0.0,0,,0.6280872,0.0,0.0,0.13043478
DB00016,DB00019,0,0.0,0.0,0.0,40,0,0.0,0.0,0,,0.0,0.0,0.0,0.20454545
DB00016,DB00007,0,0.0,0.0,0.0,24,0,0.0,0.0,0,,0.0,0.0,0.0,0.20833333
DB00016,DB00013,2,0.325,0.1818181818181818,1.1022332815225997,40,2,0.0,0.0,0,,0.0,0.30811223,0.0,0.33333334
DB00016,DB00024,0,0.0,0.0,0.0,24,0,0.0,0.0,0,,0.0,0.28552732,0.0,1.0
DB00016,DB00026,1,0.1666666666666666,0.0909090909090909,0.5581106265512472,32,1,0.0,0.0,0,,0.0,0.0,0.0,0.33333334
DB00016,DB00023,1,0.1666666666666666,0.0909090909090909,0.5581106265512472,32,1,0.0,0.0,0,,0.0,0.0,0.0,0.20833333
DB00016,DB00038,0,0.0,0.0,0.0,8,0,0.0,0.0,1,train,1.0,0.0,0.0,0.13043478
DB00016,DB00035,1,0.125,0.0909090909090909,0.4808983469629878,32,1,0.0,0.0,0,,0.0,0.0,0.0,0.20454545
DB00016,DB00012,1,0.3333333333333333,0.1,0.9102392266268372,24,1,0.0,0.0,0,,0.0,0.0,0.2598583,0.3243243
DB00016,DB00018,1,0.1666666666666666,0.0666666666666666,0.5581106265512472,64,2,0.1666666666666666,1000.0,1,train,0.0,0.0,0.1648396,0.33333334
DB00016,DB00034,1,0.125,0.0769230769230769,0.4808983469629878,48,2,0.125,1000.0,1,train,0.0,0.0,0.0,0.33333334
DB00016,DB00036,0,0.0,0.0,0.0,16,0,0.0,0.0,1,train,0.0,0.0,0.0,0.3243243
DB00016,DB00037,0,0.0,0.0,0.0,24,0,0.0,0.0,0,,0.0,0.0,0.0,0.33333334
DB00017,DB00027,0,0.0,0.0,0.0,6,0,0.0,0.0,0,,0.0,0.104749866,0.0,0.19354838
DB00017,DB00033,0,0.0,0.0,0.0,12,0,0.0,0.0,0,,0.0,0.0,0.0,1.0
DB00017,DB00040,1,0.1428571428571428,0.125,0.5138983423697507,18,1,0.0,0.0,0,,0.0,0.0,0.0,0.17948718
DB00017,DB00004,0,0.0,0.0,0.0,18,0,0.0,0.0,1,test,0.0,0.0,0.24765378,0.4347826
DB00017,DB00030,0,0.0,0.0,0.0,18,0,0.0,0.0,0,,0.0,0.0,0.0,0.09090909
DB00017,DB00032,0,0.0,0.0,0.0,12,0,0.0,0.0,1,test,0.0,0.16675447,0.0,0.17948718
DB00017,DB00039,0,0.0,0.0,0.0,15,0,0.0,0.0,0,,0.0,0.11848268,0.0,0.16666667
DB00017,DB00006,0,0.0,0.0,0.0,6,0,0.0,0.0,0,,0.0,0.0,0.29346696,0.09090909
DB00017,DB00019,2,0.4761904761904761,0.3333333333333333,1.424137568996588,15,2,0.0,0.0,0,,0.0,0.4074591,0.0,0.19354838
DB00017,DB00007,0,0.0,0.0,0.0,9,0,0.0,0.0,1,train,0.0,0.0,0.0,0.16666667
DB00017,DB00013,1,0.3333333333333333,0.1428571428571428,0.9102392266268372,15,2,0.3333333333333333,1000.0,1,test,0.0,0.0,0.5457355,0.21212122
DB00017,DB00024,0,0.0,0.0,0.0,9,0,0.0,0.0,0,,0.24234241,0.0,0.0,0.17948718
DB00017,DB00026,0,0.0,0.0,0.0,12,0,0.0,0.0,0,,0.0,0.09424403,0.0,0.44
DB00017,DB00023,0,0.0,0.0,0.0,12,0,0.0,0.0,0,,0.0,0.103250556,0.5457355,0.16666667
DB00017,DB00038,0,0.0,0.0,0.0,3,0,0.0,0.0,0,,0.0,0.13808005,0.0,0.09090909
DB00017,DB00035,0,0.0,0.0,0.0,12,0,0.0,0.0,0,,0.0,0.0948084,0.0,0.19354838
DB00017,DB00012,0,0.0,0.0,0.0,9,0,0.0,0.0,0,,0.0,0.10304498,0.0,0.4347826
DB00017,DB00018,2,0.3428571428571428,0.2222222222222222,1.1352332769293625,24,2,0.0,0.0,1,test,0.28981626,0.0,0.0,0.44
DB00017,DB00034,1,0.1428571428571428,0.125,0.5138983423697507,18,1,0.0,0.0,0,,0.44572815,0.0,0.0,0.44
DB00017,DB00036,0,0.0,0.0,0.0,6,0,0.0,0.0,0,,0.0,0.0,0.0,0.4347826
DB00017,DB00037,0,0.0,0.0,0.0,9,0,0.0,0.0,0,,0.0,0.0,0.0,0.21212122
DB00027,DB00033,0,0.0,0.0,0.0,8,0,0.0,0.0,0,,0.0,0.0,0.0,0.19354838
DB00027,DB00040,0,0.0,0.0,0.0,12,0,0.0,0.0,0,,0.0,0.0,0.0,0.20454545
DB00027,DB00004,0,0.0,0.0,0.0,12,0,0.0,0.0,1,train,0.0,0.37363598,0.0,0.14285715
DB00027,DB00030,1,0.1666666666666666,0.1428571428571428,0.5581106265512472,12,1,0.0,0.0,0,,0.0,0.14952298,0.0,0.102564104
DB00027,DB00032,0,0.0,0.0,0.0,8,0,0.0,0.0,0,,0.0,0.0,0.350112,0.20454545
DB00027,DB00039,1,0.2,0.1666666666666666,0.6213349345596119,10,1,0.0,0.0,0,,0.4116889,0.0,0.13957395,0.08888889
DB00027,DB00006,0,0.0,0.0,0.0,4,0,0.0,0.0,0,,0.0,0.0,0.17796962,0.102564104
DB00027,DB00019,0,0.0,0.0,0.0,10,0,0.0,0.0,1,test,0.0,0.0,0.0,1.0
DB00027,DB00007,1,0.2,0.25,0.6213349345596119,6,2,0.2,1000.0,0,,0.0,0.0,0.0,0.08888889
DB00027,DB00013,0,0.0,0.0,0.0,10,0,0.0,0.0,1,train,0.7346893,0.0,0.0,0.11904762
DB00027,DB00024,0,0.0,0.0,0.0,6,0,0.0,0.0,0,,0.0,0.26190156,0.0,0.20454545
DB00027,DB00026,0,0.0,0.0,0.0,8,0,0.0,0.0,0,,0.0,0.2122611,0.0,0.13157895
DB00027,DB00023,0,0.0,0.0,0.0,8,0,0.0,0.0,0,,0.51950383,0.087117404,0.0,0.08888889
DB00027,DB00038,0,0.0,0.0,0.0,2,0,0.0,0.0,0,,0.0,0.0,0.2202419,0.102564104
DB00027,DB00035,0,0.0,0.0,0.0,8,0,0.0,0.0,0,,0.3367365,0.07999436,0.16385318,1.0
DB00027,DB00012,0,0.0,0.0,0.0,6,0,0.0,0.0,0,,0.0,0.31215,0.0,0.14285715
DB00027,DB00018,1,0.2,0.1111111111111111,0.6213349345596119,16,1,0.0,0.0,0,,0.0,0.0,0.0,0.13157895
DB00027,DB00034,0,0.0,0.0,0.0,12,0,0.0,0.0,0,,0.0,0.36186957,0.22703253,0.13157895
DB00027,DB00036,0,0.0,0.0,0.0,4,0,0.0,0.0,0,,0.0,0.0,0.0,0.14285715
DB00027,DB00037,0,0.0,0.0,0.0,6,0,0.0,0.0,0,,0.0,0.0,0.0,0.11904762
DB00033,DB00040,1,0.25,0.1111111111111111,0.7213475204444817,24,2,0.25,1000.0,0,,0.0,0.0,0.0,0.17948718
DB00033,DB00004,0,0.0,0.0,0.0,24,0,0.0,0.0,0,,0.0,0.0,0.28692946,0.4347826
DB00033,DB00030,1,0.25,0.1111111111111111,0.7213475204444817,24,1,0.0,0.0,0,,0.35538843,0.34368312,0.5686725,0.09090909
DB00033,DB00032,0,0.0,0.0,0.0,16,0,0.0,0.0,0,,0.0,0.0,0.0,0.17948718
DB00033,DB00039,0,0.0,0.0,0.0,20,0,0.0,0.0,0,,0.38783482,0.0,0.0,0.16666667
DB00033,DB00006,0,0.0,0.0,0.0,8,0,0.0,0.0,0,,0.36437148,0.0,0.0,0.09090909
DB00033,DB00019,1,0.25,0.125,0.7213475204444817,20,2,0.25,1000.0,0,,0.52684647,0.0,0.0,0.19354838
DB00033,DB00007,0,0.0,0.0,0.0,12,0,0.0,0.0,0,,0.0,0.0,0.0,0.16666667
DB00033,DB00013,0,0.0,0.0,0.0,20,0,0.0,0.0,0,,0.0,0.17934331,0.0,0.21212122
DB00033,DB00024,0,0.0,0.0,0.0,12,0,0.0,0.0,0,,0.6477447,0.0,0.0,0.17948718
DB00033,DB00026,0,0.0,0.0,0.0,16,0,0.0,0.0,1,train,0.0,0.0,0.23547482,0.44
DB00033,DB00023,0,0.0,0.0,0.0,16,0,0.0,0.0,1,train,0.0,0.0,0.0,0.16666667
DB00033,DB00038,0,0.0,0.0,0.0,4,0,0.0,0.0,0,,0.0,0.44703212,0.0,0.09090909
DB00033,DB00035,1,0.25,0.1428571428571428,0.7213475204444817,16,1,0.0,0.0,0,,0.0,0.0,0.0,0.19354838
DB00033,DB00012,0,0.0,0.0,0.0,12,0,0.0,0.0,1,train,0.0,0.0,0.0,0.4347826
DB00033,DB00018,0,0.0,0.0,0.0,32,0,0.0,0.0,0,,0.0,0.40076503,0.16939545,0.44
DB00033,DB00034,2,0.5,0.25,1.4426950408889634,24,2,0.0,0.0,0,,0.0,0.0,0.0,0.44
DB00033,DB00036,0,0.0,0.0,0.0,8,0,0.0,0.0,0,,0.0,0.20860088,0.0,0.4347826
DB00033,DB00037,0,0.0,0.0,0.0,12,0,0.0,0.0,0,,0.0,0.0,0.1952537,0.21212122
DB00040,DB00004,0,0.0,0.0,0.0,36,0,0.0,0.0,0,,0.48745343,0.0,0.0,0.3243243
DB00040,DB00030,1,0.2,0.0909090909090909,0.6213349345596119,36,1,0.0,0.0,0,,0.0,0.0,0.0,0.13043478
DB00040,DB00032,1,0.3333333333333333,0.1111111111111111,0.9102392266268372,24,1,0.0,0.0,0,,0.0,0.0,0.0,1.0
DB00040,DB00039,0,0.0,0.0,0.0,30,0,0.0,0.0,1,train,0.27314833,0.2712075,0.0,0.20833333
DB00040,DB00006,0,0.0,0.0,0.0,12,0,0.0,0.0,1,train,0.25662333,0.0,0.0,0.13043478
DB00040,DB00019,2,0.6428571428571428,0.2222222222222222,1.956593383258714,30,3,0.5,0.9990009990009991,0,,0.50376046,0.0,0.0,0.20454545
DB00040,DB00007,0,0.0,0.0,0.0,18,0,0.0,0.0,0,,0.48745343,0.4595158,0.0,0.20833333
DB00040,DB00013,1,0.2,0.1,0.6213349345596119,30,1,0.0,0.0,0,,0.0,0.0,0.0,0.33333334
DB00040,DB00024,0,0.0,0.0,0.0,18,0,0.0,0.0,1,train,0.0,0.0,0.0,1.0
DB00040,DB00026,0,0.0,0.0,0.0,24,0,0.0,0.0,0,,0.0,0.0,0.0,0.33333334
DB00040,DB00023,0,0.0,0.0,0.0,24,0,0.0,0.0,1,test,0.34468162,0.15231532,0.0,0.20833333
DB00040,DB00038,0,0.0,0.0,0.0,6,0,0.0,0.0,0,,0.0,0.0,0.0,0.13043478
DB00040,DB00035,1,0.2,0.1111111111111111,0.6213349345596119,24,1,0.0,0.0,0,,0.0,0.0,0.0,0.20454545
DB00040,DB00012,0,0.0,0.0,0.0,18,0,0.0,0.0,0,,0.5414221,0.0,0.0,0.3243243
DB00040,DB00018,2,0.3428571428571428,0.1666666666666666,1.1352332769293625,48,2,0.0,0.0,0,,0.37034556,0.0,0.0,0.33333334
DB00040,DB00034,1,0.1428571428571428,0.0909090909090909,0.5138983423697507,36,1,0.0,0.0,0,,0.0,0.0,0.0,0.33333334
DB00040,DB00036,0,0.0,0.0,0.0,12,0,0.0,0.0,0,,0.0,0.25739914,0.0,0.3243243
DB00040,DB00037,2,0.5333333333333333,0.2857142857142857,1.531574161186449,18,4,0.5333333333333333,2000.0,0,,0.0,0.0,0.0,0.33333334
DB00004,DB00030,1,0.2,0.0909090909090909,0.6213349345596119,36,2,0.2,1000.0,1,train,0.0,0.14839639,0.0,0.083333336
DB00004,DB00032,0,0.0,0.0,0.0,24,0,0.0,0.0,0,,0.0,0.0,0.0,0.3243243
DB00004,DB00039,0,0.0,0.0,0.0,30,0,0.0,0.0,0,,0.0,0.0,0.0,0.15384616
DB00004,DB00006,0,0.0,0.0,0.0,12,0,0.0,0.0,0,,0.0,0.0,0.17974281,0.083333336
DB00004,DB00019,0,0.0,0.0,0.0,30,0,0.0,0.0,0,,0.51672673,0.0,0.0,0.14285715
DB00004,DB00007,0,0.0,0.0,0.0,18,0,0.0,0.0,0,,0.0,0.2572454,0.25195536,0.15384616
DB00004,DB00013,1,0.5,0.1,1.4426950408889634,30,1,0.0,0.0,0,,0.0,0.0,0.0,0.3030303
DB00004,DB00024,0,0.0,0.0,0.0,18,0,0.0,0.0,0,,0.0,0.0,0.0,0.3243243
DB00004,DB00026,1,0.2,0.1111111111111111,0.6213349345596119,24,2,0.2,1000.0,0,,0.0,0.13174278,0.36008236,0.56
DB00004,DB00023,1,0.1666666666666666,0.1111111111111111,0.5581106265512472,24,1,0.0,0.0,0,,0.0,0.0,0.0,0.15384616
DB00004,DB00038,0,0.0,0.0,0.0,6,0,0.0,0.0,0,,0.0,0.0,0.4146724,0.083333336
DB00004,DB00035,1,0.5,0.1111111111111111,1.4426950408889634,24,2,0.5,1000.0,0,,0.0,0.0,0.0,0.14285715
DB00004,DB00012,1,0.2,0.125,0.6213349345596119,18,1,0.0,0.0,0,,0.0,0.44701844,0.0,1.0
DB00004,DB00018,0,0.0,0.0,0.0,48,0,0.0,0.0,0,,0.0,0.0,0.0,0.56
DB00004,DB00034,1,0.1666666666666666,0.0909090909090909,0.5581106265512472,36,1,0.0,0.0,0,,0.0,0.21217436,0.0,0.56
DB00004,DB00036,0,0.0,0.0,0.0,12,0,0.0,0.0,0,,0.0,0.0,0.0,1.0
DB00004,DB00037,0,0.0,0.0,0.0,18,0,0.0,0.0,0,,0.0,0.0,0.0,0.3030303
DB00030,DB00032,0,0.0,0.0,0.0,24,0,0.0,0.0,0,,0.41058517,0.0,0.0,0.13043478
DB00030,DB00039,0,0.0,0.0,0.0,30,0,0.0,0.0,0,,0.34087682,0.0,0.0,0.06666667
DB00030,DB00006,0,0.0,0.0,0.0,12,0,0.0,0.0,0,,0.7050223,0.19608943,0.0,1.0
DB00030,DB00019,1,0.25,0.1,0.7213475204444817,30,1,0.0,0.0,0,,0.0,0.20583482,0.0,0.102564104
DB00030,DB00007,0,0.0,0.0,0.0,18,0,0.0,0.0,0,,0.0,0.0,0.0,0.06666667
DB00030,DB00013,1,0.2,0.1,0.6213349345596119,30,1,0.0,0.0,0,,0.0,0.0,0.0,0.15
DB00030,DB00024,0,0.0,0.0,0.0,18,0,0.0,0.0,0,,0.0,0.0,0.0,0.13043478
DB00030,DB00026,2,0.3666666666666667,0.25,1.179445561110859,24,3,0.2,0.9990009990009991,0,,0.0,0.13452664,0.27968335,0.07692308
DB00030,DB00023,1,0.1666666666666666,0.1111111111111111,0.5581106265512472,24,1,0.0,0.0,1,train,0.0,0.0,0.40284225,0.06666667
DB00030,DB00038,0,0.0,0.0,0.0,6,0,0.0,0.0,0,,0.6126027,0.24167031,0.0,1.0
DB00030,DB00035,0,0.0,0.0,0.0,24,0,0.0,0.0,0,,0.32700133,0.0,0.0,0.102564104
DB00030,DB00012,0,0.0,0.0,0.0,18,0,0.0,0.0,0,,0.0,0.0,0.0,0.083333336
DB00030,DB00018,2,0.3666666666666667,0.1666666666666666,1.179445561110859,48,2,0.0,0.0,0,,0.0,0.21665782,0.2011981,0.07692308
DB00030,DB00034,1,0.25,0.0909090909090909,0.7213475204444817,36,1,0.0,0.0,1,train,0.0,0.0,0.0,0.07692308
DB00030,DB00036,0,0.0,0.0,0.0,12,0,0.0,0.0,0,,0.0,0.0,0.0,0.083333336
DB00030,DB00037,0,0.0,0.0,0.0,18,0,0.0,0.0,0,,0.5588908,0.0,0.23191105,0.15
DB00032,DB00039,1,0.1428571428571428,0.125,0.5138983423697507,20,1,0.0,0.0,0,,0.0,0.1591444,0.0,0.20833333
DB00032,DB00006,0,0.0,0.0,0.0,8,0,0.0,0.0,0,,0.42096338,0.0,0.0,0.13043478
DB00032,DB00019,0,0.0,0.0,0.0,20,0,0.0,0.0,0,,0.0,0.0,0.26737398,0.20454545
DB00032,DB00007,0,0.0,0.0,0.0,12,0,0.0,0.0,0,,0.0,0.0,0.20849223,0.20833333
DB00032,DB00013,0,0.0,0.0,0.0,20,0,0.0,0.0,0,,0.0,0.0,0.0,0.33333334
DB00032,DB00024,0,0.0,0.0,0.0,12,0,0.0,0.0,1,train,0.0,0.0,0.0,1.0
DB00032,DB00026,0,0.0,0.0,0.0,16,0,0.0,0.0,0,,0.74215275,0.0,0.0,0.33333334
DB00032,DB00023,0,0.0,0.0,0.0,16,0,0.0,0.0,0,,0.0,0.0,0.0,0.20833333
DB00032,DB00038,0,0.0,0.0,0.0,4,0,0.0,0.0,0,,0.67023075,0.18546735,0.0,0.13043478
DB00032,DB00035,0,0.0,0.0,0.0,16,0,0.0,0.0,0,,0.0,0.0,0.0,0.20454545
DB00032,DB00012,0,0.0,0.0,0.0,12,0,0.0,0.0,0,,0.49307448,0.0,0.0,0.3243243
DB00032,DB00018,0,0.0,0.0,0.0,32,0,0.0,0.0,0,,0.0,0.0,0.21435094,0.33333334
DB00032,DB00034,0,0.0,0.0,0.0,24,0,0.0,0.0,0,,0.0,0.0,0.28848392,0.33333334
DB00032,DB00036,0,0.0,0.0,0.0,8,0,0.0,0.0,0,,0.0,0.0,0.0,0.3243243
DB00032,DB00037,1,0.3333333333333333,0.1666666666666666,0.9102392266268372,12,1,0.0,0.0,0,,0.0,0.6229035,0.0,0.33333334
DB00039,DB00006,1,0.1666666666666666,0.1666666666666666,0.5581106265512472,10,2,0.1666666666666666,1000.0,0,,0.6444974,0.0,0.0,0.06666667
DB00039,DB00019,1,0.3333333333333333,0.1111111111111111,0.9102392266268372,25,2,0.3333333333333333,1000.0,0,,0.28955185,0.0,0.0,0.08888889
DB00039,DB00007,1,0.2,0.1428571428571428,0.6213349345596119,15,1,0.0,0.0,0,,0.5603578,0.0,0.0,1.0
DB00039,DB00013,0,0.0,0.0,0.0,25,0,0.0,0.0,1,train,0.5603578,0.0,0.0,0.04
DB00039,DB00024,2,0.5,0.3333333333333333,1.4683498531780843,15,4,0.5,2000.0,1,test,0.0,0.0,0.32273078,0.20833333
DB00039,DB00026,1,0.25,0.125,0.7213475204444817,20,1,0.0,0.0,0,,0.0,0.0,0.0,0.2
DB00039,DB00023,0,0.0,0.0,0.0,20,0,0.0,0.0,0,,0.79246557,0.0,0.0,1.0
DB00039,DB00038,0,0.0,0.0,0.0,5,0,0.0,0.0,0,,0.0,0.13177858,0.0,0.06666667
DB00039,DB00035,0,0.0,0.0,0.0,20,0,0.0,0.0,1,train,0.0,0.0,0.23382708,0.08888889
DB00039,DB00012,0,0.0,0.0,0.0,15,0,0.0,0.0,0,,0.0,0.0,0.0,0.15384616
DB00039,DB00018,2,0.45,0.1818181818181818,1.3426824550040934,40,2,0.0,0.0,0,,0.4257351,0.0,0.0,0.2
DB00039,DB00034,0,0.0,0.0,0.0,30,0,0.0,0.0,0,,0.0,0.0,0.26423484,0.2
DB00039,DB00036,0,0.0,0.0,0.0,10,0,0.0,0.0,1,test,0.0,0.2779808,0.0,0.15384616
DB00039,DB00037,0,0.0,0.0,0.0,15,0,0.0,0.0,1,train,0.0,0.0,0.0,0.04
DB00006,DB00019,0,0.0,0.0,0.0,10,0,0.0,0.0,1,train,0.27203447,0.21723524,0.0,0.102564104
DB00006,DB00007,1,0.2,0.25,0.6213349345596119,6,1,0.0,0.0,0,,0.52645713,0.0,0.0,0.06666667
DB00006,DB00013,0,0.0,0.0,0.0,10,0,0.0,0.0,0,,0.0,0.0,0.0,0.15
DB00006,DB00024,1,0.1666666666666666,0.25,0.5581106265512472,6,2,0.1666666666666666,1000.0,0,,0.0,0.0,0.0,0.13043478
DB00006,DB00026,0,0.0,0.0,0.0,8,0,0.0,0.0,0,,0.0,0.0,0.0,0.07692308
DB00006,DB00023,1,0.2,0.2,0.6213349345596119,8,2,0.2,1000.0,0,,0.3722614,0.0,0.0,0.06666667
DB00006,DB00038,0,0.0,0.0,0.0,2,0,0.0,0.0,0,,0.6280872,0.0,0.31668222,1.0
DB00006,DB00035,0,0.0,0.0,0.0,8,0,0.0,0.0,0,,0.0,0.0,0.2356018,0.102564104
DB00006,DB00012,0,0.0,0.0,0.0,6,0,0.0,0.0,0,,0.0,0.0,0.0,0.083333336
DB00006,DB00018,0,0.0,0.0,0.0,16,0,0.0,0.0,0,,0.39997885,0.0,0.0,0.07692308
DB00006,DB00034,0,0.0,0.0,0.0,12,0,0.0,0.0,0,,0.0,0.0,0.0,0.07692308
DB00006,DB00036,0,0.0,0.0,0.0,4,0,0.0,0.0,0,,0.0,0.0,0.0,0.083333336
DB00006,DB00037,1,0.2,0.25,0.6213349345596119,6,2,0.2,1000.0,0,,0.0,0.0,0.0,0.15
DB00019,DB00007,0,0.0,0.0,0.0,15,0,0.0,0.0,1,train,0.51672673,0.0,0.0,0.08888889
DB00019,DB00013,1,0.3333333333333333,0.1111111111111111,0.9102392266268372,25,1,0.0,0.0,0,,0.0,0.0,0.0,0.11904762
DB00019,DB00024,1,0.3333333333333333,0.1428571428571428,0.9102392266268372,15,2,0.3333333333333333,1000.0,0,,0.5729194,0.0,0.0,0.20454545
DB00019,DB00026,0,0.0,0.0,0.0,20,0,0.0,0.0,0,,0.0,0.3093121,0.0,0.13157895
DB00019,DB00023,0,0.0,0.0,0.0,20,0,0.0,0.0,1,train,0.36538097,0.0,0.0,0.08888889
DB00019,DB00038,0,0.0,0.0,0.0,5,0,0.0,0.0,0,,0.0,0.0,0.0,0.102564104
DB00019,DB00035,0,0.0,0.0,0.0,20,0,0.0,0.0,0,,0.0,0.0,0.0,1.0
DB00019,DB00012,0,0.0,0.0,0.0,15,0,0.0,0.0,0,,0.0,0.0,0.0,0.14285715
DB00019,DB00018,1,0.1428571428571428,0.0833333333333333,0.5138983423697507,40,1,0.0,0.0,0,,0.39258614,0.0,0.31284863,0.13157895
DB00019,DB00034,2,0.3928571428571428,0.2222222222222222,1.2352458628142324,30,2,0.0,0.0,0,,0.0,0.0,0.0,0.13157895
DB00019,DB00036,0,0.0,0.0,0.0,10,0,0.0,0.0,0,,0.0,0.0,0.2012478,0.14285715
DB00019,DB00037,0,0.0,0.0,0.0,15,0,0.0,0.0,1,train,0.0,0.0,0.0,0.11904762
DB00007,DB00013,0,0.0,0.0,0.0,15,0,0.0,0.0,1,train,0.0,0.0,0.0,0.04
DB00007,DB00024,0,0.0,0.0,0.0,9,0,0.0,0.0,1,test,0.0,0.0,0.0,0.20833333
DB00007,DB00026,0,0.0,0.0,0.0,12,0,0.0,0.0,0,,0.0,0.0,0.0,0.2
DB00007,DB00023,1,0.2,0.1666666666666666,0.6213349345596119,12,1,0.0,0.0,0,,0.70710677,0.0,0.0,1.0
DB00007,DB00038,0,0.0,0.0,0.0,3,0,0.0,0.0,0,,0.0,0.0,0.3694808,0.06666667
DB00007,DB00035,0,0.0,0.0,0.0,12,0,0.0,0.0,0,,0.0,0.0,0.0,0.08888889
DB00007,DB00012,0,0.0,0.0,0.0,9,0,0.0,0.0,0,,0.0,0.0,0.0,0.15384616
DB00007,DB00018,1,0.2,0.1,0.6213349345596119,24,1,0.0,0.0,0,,0.7597558,0.0,0.3061919,0.2
DB00007,DB00034,0,0.0,0.0,0.0,18,0,0.0,0.0,0,,0.0,0.30630967,0.16662592,0.2
DB00007,DB00036,0,0.0,0.0,0.0,6,0,0.0,0.0,0,,0.0,0.0,0.0,0.15384616
DB00007,DB00037,1,0.2,0.2,0.6213349345596119,9,1,0.0,0.0,0,,0.0,0.0,0.22933197,0.04
DB00013,DB00024,0,0.0,0.0,0.0,15,0,0.0,0.0,0,,0.0,0.0,0.0,0.33333334
DB00013,DB00026,0,0.0,0.0,0.0,20,0,0.0,0.0,0,,0.0,0.0,0.0,0.4375
DB00013,DB00023,0,0.0,0.0,0.0,20,0,0.0,0.0,0,,0.70710677,0.0,0.5,0.04
DB00013,DB00038,0,0.0,0.0,0.0,5,0,0.0,0.0,0,,0.0,0.0,0.0,0.15
DB00013,DB00035,2,0.325,0.2857142857142857,1.1022332815225997,20,2,0.0,0.0,0,,0.0,0.2557954,0.0,0.11904762
DB00013,DB00012,0,0.0,0.0,0.0,15,0,0.0,0.0,0,,0.0,0.0,0.48269397,0.3030303
DB00013,DB00018,0,0.0,0.0,0.0,40,0,0.0,0.0,1,train,0.0,0.0,0.0,0.4375
DB00013,DB00034,1,0.125,0.1,0.4808983469629878,30,1,0.0,0.0,0,,0.0,0.24969567,0.0,0.4375
DB00013,DB00036,0,0.0,0.0,0.0,10,0,0.0,0.0,0,,0.0,0.10270216,0.0,0.3030303
DB00013,DB00037,1,0.2,0.1428571428571428,0.6213349345596119,15,1,0.0,0.0,0,,0.0,0.0,0.0,1.0
DB00024,DB00026,0,0.0,0.0,0.0,12,0,0.0,0.0,0,,0.0,0.0,0.0,0.33333334
DB00024,DB00023,0,0.0,0.0,0.0,12,0,0.0,0.0,0,,0.0,0.0,0.0,0.20833333
DB00024,DB00038,0,0.0,0.0,0.0,3,0,0.0,0.0,0,,0.0,0.0,0.0,0.13043478
DB00024,DB00035,0,0.0,0.0,0.0,12,0,0.0,0.0,0,,0.0,0.0,0.0,0.20454545
DB00024,DB00012,0,0.0,0.0,0.0,9,0,0.0,0.0,0,,0.0,0.0,0.20815001,0.3243243
DB00024,DB00018,0,0.0,0.0,0.0,24,0,0.0,0.0,0,,0.35351837,0.0,0.13203874,0.33333334
DB00024,DB00034,0,0.0,0.0,0.0,18,0,0.0,0.0,0,,0.54370004,0.0,0.0,0.33333334
DB00024,DB00036,0,0.0,0.0,0.0,6,0,0.0,0.0,0,,0.0,0.37606394,0.0,0.3243243
DB00024,DB00037,0,0.0,0.0,0.0,9,0,0.0,0.0,1,train,0.0,0.0,0.09808514,0.33333334
DB00026,DB00023,2,0.4166666666666666,0.3333333333333333,1.279458146995729,16,2,0.0,0.0,0,,0.0,0.07838001,0.0,0.2
DB00026,DB00038,0,0.0,0.0,0.0,4,0,0.0,0.0,0,,0.0,0.0,0.0,0.07692308
DB00026,DB00035,0,0.0,0.0,0.0,16,0,0.0,0.0,1,train,0.0,0.071971364,0.2107296,0.13157895
DB00026,DB00012,1,0.25,0.1666666666666666,0.7213475204444817,12,1,0.0,0.0,0,,0.66438407,0.07822395,0.0,0.56
DB00026,DB00018,2,0.4166666666666666,0.2,1.279458146995729,32,2,0.0,0.0,0,,0.0,0.24340841,0.21258295,1.0
DB00026,DB00034,0,0.0,0.0,0.0,24,0,0.0,0.0,1,train,0.0,0.0,0.0,1.0
DB00026,DB00036,0,0.0,0.0,0.0,8,0,0.0,0.0,1,test,0.0,0.0,0.15224336,0.56
DB00026,DB00037,0,0.0,0.0,0.0,12,0,0.0,0.0,0,,0.0,0.0,0.0,0.4375
DB00023,DB00038,0,0.0,0.0,0.0,4,0,0.0,0.0,0,,0.0,0.3978688,0.0,0.06666667
DB00023,DB00035,0,0.0,0.0,0.0,16,0,0.0,0.0,0,,0.0,0.078849375,0.0,0.08888889
DB00023,DB00012,1,0.25,0.1666666666666666,0.7213475204444817,12,1,0.0,0.0,0,,0.0,0.0856995,0.0,0.15384616
DB00023,DB00018,1,0.1666666666666666,0.0909090909090909,0.5581106265512472,32,1,0.0,0.0,0,,0.53722847,0.0,0.0,0.2
DB00023,DB00034,1,0.1666666666666666,0.1111111111111111,0.5581106265512472,24,1,0.0,0.0,1,train,0.0,0.0,0.0,0.2
DB00023,DB00036,0,0.0,0.0,0.0,8,0,0.0,0.0,0,,0.0,0.0,0.0,0.15384616
DB00023,DB00037,1,0.2,0.1666666666666666,0.6213349345596119,12,2,0.2,1000.0,0,,0.0,0.0,0.0,0.04
DB00038,DB00035,0,0.0,0.0,0.0,4,0,0.0,0.0,0,,0.0,0.0,0.29156315,0.102564104
DB00038,DB00012,0,0.0,0.0,0.0,3,0,0.0,0.0,0,,0.0,0.0,0.0,0.083333336
DB00038,DB00018,1,0.125,0.125,0.4808983469629878,8,2,0.125,1000.0,0,,0.0,0.28180903,0.0,0.07692308
DB00038,DB00034,1,0.125,0.1666666666666666,0.4808983469629878,6,2,0.125,1000.0,0,,0.0,0.0,0.0,0.07692308
DB00038,DB00036,1,0.125,0.5,0.4808983469629878,2,2,0.125,1000.0,0,,0.0,0.0,0.0,0.083333336
DB00038,DB00037,0,0.0,0.0,0.0,3,0,0.0,0.0,0,,0.0,0.0,0.0,0.15
DB00035,DB00012,0,0.0,0.0,0.0,12,0,0.0,0.0,0,,0.0,0.23976274,0.0,0.14285715
DB00035,DB00018,0,0.0,0.0,0.0,32,0,0.0,0.0,1,train,0.0,0.0,0.0,0.13157895
DB00035,DB00034,2,0.375,0.25,1.2022458674074694,24,2,0.0,0.0,0,,0.0,0.0,0.38034573,0.13157895
DB00035,DB00036,0,0.0,0.0,0.0,8,0,0.0,0.0,0,,0.6413195,0.0,0.13043572,0.14285715
DB00035,DB00037,1,0.2,0.1666666666666666,0.6213349345596119,12,1,0.0,0.0,0,,0.5850898,0.0,0.16589238,0.11904762
DB00012,DB00018,0,0.0,0.0,0.0,24,0,0.0,0.0,0,,0.0,0.0,0.33874804,0.56
DB00012,DB00034,0,0.0,0.0,0.0,18,0,0.0,0.0,0,,0.0,0.0,0.0,0.56
DB00012,DB00036,0,0.0,0.0,0.0,6,0,0.0,0.0,0,,0.0,0.0,0.0,1.0
DB00012,DB00037,0,0.0,0.0,0.0,9,0,0.0,0.0,0,,0.0,0.0,0.1258197,0.3030303
DB00018,DB00034,2,0.2678571428571428,0.1666666666666666,0.9947966893327386,48,4,0.2678571428571428,2000.0,1,train,0.65020853,0.0,0.17130816,1.0
DB00018,DB00036,2,0.4583333333333333,0.25,1.391137573589825,16,4,0.4583333333333333,2000.0,0,,0.0,0.0,0.0,0.56
DB00018,DB00037,0,0.0,0.0,0.0,24,0,0.0,0.0,0,,0.0,0.0,0.07981299,0.4375
DB00034,DB00036,1,0.125,0.1428571428571428,0.4808983469629878,12,2,0.125,1000.0,0,,0.0,0.0,0.0,0.56
DB00034,DB00037,0,0.0,0.0,0.0,18,0,0.0,0.0,0,,0.0,0.0,0.0,0.4375
DB00036,DB00037,0,0.0,0.0,0.0,6,0,0.0,0.0,0,,0.0,0.0,0.0,0.3030303
